Name,Phone,URL,Square Feet Total,Neighborhood,Nonprofit?,Dominant Discipline,2nd Discipline,3rd Discipline,Year of Occupation,Own or Rent?,Year bldg built?,Year Founded,Previous Facilities?,How many Theaters?,Seats total?,Theatre 1,Seats in Theatre 1,Theatre 2,Seats in Theatre 2,Theatre 3,Seats in Theatre 3,Theatre 4,Seats in Theatre 4,Theatre 5,Seats in Theatre 5,Visual Art Galleries?,Square Feet,ADA Compliant?,# Parking Spaces?,Street Frontage?,Rental Space Avail?,Serve alcohol?,Funded by A&C?,"Stability Index (5=very stable, 1=very uncertain)",Constituency over 50% one race?,Site control through (date),Address,Location
Seattle Architecture Foundation,(206) 667-9184,www.seattlearchitecture.org,1200,Downtown,Y,Advocacy,Heritage,,2001,R,1965,1982,2,0,0,,,,,,,,,,,Y,800,,0,N,N,Y,Y,2,No single race is more than 50% of our audience,It's month to month.,"1333 5th Ave # 300, Seattle, WA 98101","(47.6091917, -122.3345412)"
Artist Trust,(866) 218-7878,www.artisttrust.org,3500,Capitol Hill,Y,Arts Administration,Advocacy,,2001,O,2002,1987,1,0,0,,,,,,,,,,,N,0,Y,4,Y,N,N,Y,5,No single race is more than 50% of our audience,0,"1835 12th Ave, Seattle, WA 98122","(47.6185686, -122.3172487)"
826 Seattle,(206) 725-2625 ,www.826seattle.org,4608,Greenwood,Y,Arts Ed,,,2004,R,1920,2005,0,0,0,,,,,,,,,,,N,0,N,0,Y,N,N,Y,5,No single race is more than 50% of our audience,2020,"8414 Greenwood Ave N, Seattle, WA 98103 ","(47.6902621, -122.3549016)"
American Dance Institute,(206) 783-0755,www.americandanceinstitute.com,2800,Greenwood,N,Arts Ed,Studios,,1988,R,1940,1988,0,0,0,,,,,,,,,,,N,0,N,2,Y,Y,N,N,3,White,2018,"8001 Greenwood Ave N, Seattle, WA 98103","(47.6870482, -122.3554887)"
Art Institute of Seattle,(206) 448-6600,www.artinstitutes.edu/seattle,100167,Belltown,N,Arts Ed,,,1983,R,,1946,2,0,0,,,,,,,,,,,Y,1600,Y,0,Y,N,Y,N,4,White,2026,"2323 Elliott Ave, Seattle, WA 98121","(47.6122895, -122.3491939)"
Burke Museum,(206) 543-5590,www.burkemuseum.org,60000,University District,Y,Arts Ed,Heritage,,1962,O,1962,1885,3,1,80,,,,,,,,,,,Y,17466,Y,,Y,Y,Y,,5,No single race is more than 50% of our audience,0,"17 Ave NE and Northeast 45th St, Seattle, WA 98105","(47.6609225, -122.3151058)"
Choeizan Enkyoji Nichiren Buddhist Temple,(206) 356-7405,www.seattlebuddhist.org,1200,International,Y,Arts Ed,Heritage,Multi-use,2010,R,1901,2010,0,0,0,,,,,,,,,,,N,0,N,0,N,,N,N,3,No single race is more than 50% of our audience,None,"501 S Jackson St, Suite 202, Seattle, WA 98104","(47.5989593, -122.3271163)"
Coyote Central,(206) 323-7276,www.coyotecentral.org,5000,Central District,Y,Arts Ed,,,2011,O,1929,1986,2,0,0,,,,,,,,,,,Y,700,Y,6,Y,Y,Y,Y,5,No single race is more than 50% of our audience,0,"2300 E Cherry St, Seattle, WA 98122","(47.6081862, -122.3025461)"
Kind Hand Studio,(206) 618-1447,www.khspottery.com,158,Ballard,N,Arts Ed,,,2012,R,,2000,1,0,0,,,,,,,,,,,N,0,,0,,,N,N,2,Two or more races,It's month to month.,"4775 Ballard Ave NW, Seattle, WA 98107","(47.6642404, -122.3810653)"
Red Eagle Soaring Native Youth Theatre,(206) 829-2219,www.unitedindians.org/daybreak.html,14000,Magnolia,Y,Arts Ed,Cultural Preservation,Social Service,1970,Other,1970,1970,3,0,0,,,,,,,,,,,Y,500,Y,145,Y,Y,Y,,1,Native American and Alaska Native,2059,"3801 W Government Way, Seattle, WA 98199","(47.6576318, -122.4063301)"
School of Visual Concepts,(206) 623-1560,www.svcseattle.com,7000,South Lake Union,N,Arts Ed,,,1971,R,1920,1971,0,0,0,,,,,,,,,,,Y,1200,N,22,N,N,N,N,1,White,2014,"500 Aurora Ave N, Seattle, WA 98109","(47.6233866, -122.3432681)"
Seattle Art Museum,(206) 654-3210,www.seattleartmuseum.org,200000,Downtown,Y,Arts Ed,,,1993,O,1991,1933,1,1,200,,,,,,,,,,,Y,66392,Y,0,Y,Y,Y,Y,5,No single race is more than 50% of our audience,0,"1300 1st Ave, Seattle, WA 98101","(47.6071955, -122.3382555)"
Seattle Asian Art Museum,(206) 654-3100,www.seattleartmuseum.org/visit/visitSAAM.asp,15000,Capitol Hill,Y,Arts Ed,,,1933,O,1933,1933,0,1,,,,,,,,,,,,Y,,Y,,N,Y,Y,Y,5,No single race is more than 50% of our audience,0,"1400 E Prospect St, Seattle, WA 98112","(47.63028375, -122.3141998)"
Seattle Center ArtsED WA in Seattle Center Pavillion,(206) 441-4501,www.artsedwashington.org,,Seattle Center in Lower Queen Anne,Y,Arts Ed,,,1992,R,1962,1982,0,0,0,,,,,,,,,,,N,0,N,0,Y,N,N,Y,4,No single race is more than 50% of our audience,,"158 Thomas St, Seattle, WA 98109","(47.621106, -122.3537817)"
Seattle Center Cornish Playhouse,(206) 726-5113,www.cornish.edu/playhouse,35000,Seattle Center in Lower Queen Anne,Y,Arts Ed,,,2012,R,1961,1913,3,2,628,,478,,150,,,,,,,Y,10000,Partial,0,N,Y,Y,Y,5,,2034,"201 Mercer St, Seattle, WA 98109","(47.6237608, -122.352406)"
Seattle Center Pottery Northwest,(206) 285-4421,www.potterynorthwest.org,10600,Seattle Center in Lower Queen Anne,Y,Arts Ed,Studios,,1973,R,1965,1965,1,0,0,,,,,,,,,,,Y,360,Y,2,Y,Y,Y,Y,4,White,2033,"226 1st Ave N Seattle, WA 98109","(47.6207729, -122.3551686)"
Seattle Glassblowing Studio,(206) 448-2181,www.seattleglassblowing.com,9500,Belltown,N,Arts Ed,Studios,Multi-use,1991,O,1946,1987,2,0,0,,,,,,,,,,,Y,1500,Y,0,Y,,N,N,5,No single race is more than 50% of our audience,0,"2227 5th Ave, Seattle, WA 98121","(47.6155804, -122.3428879)"
Seattle Pinball Museum,(206) 623-0759,www.facebook.com/seattle-pinball-museum,1980,International District,N,Arts Ed,,,2010,R,1910,2010,0,0,0,,,,,,,,,,,N,0,Y,0,Y,N,Y,N,2,White,2014,"508 Maynard Ave S, Seattle, WA 98104","(47.5980081, -122.3248662)"
Central Cinema,(206) 328-3230,www.central-cinema.com,3500,Central District,N,Cinema,,,2005,R,1929,2005,0,1,120,,,,,,,,,,,,,Y,0,Y,Y,Y,N,4,Two or more races,2025,"1411 21st Ave, Seattle, WA 98122","(47.6132215, -122.3051662)"
Cinerama,(206) 448-6680,www.cinerama.com,14000,Belltown,N,Cinema,Multi-use,,2009,O,1963,2009,3,1,797,,,,,,,,,,,Y,60,Y,0,N,N,N,N,5,Two or more races,0,"2100 4th Ave, Seattle, WA 98121","(47.6141557, -122.3413991)"
Grand Illusion,(206) 523-3935,www.grandillusioncinema.org,1000,University District,Y,Cinema,,,1973,R,1920,2003,0,1,70,,,,,,,,,,,N,0,N,0,Y,Y,N,N,3,White,,"1403 NE 50th St. Seattle, WA 98105","(47.664752, -122.3127097)"
Majestic Bay,(206) 781-2229,www.majesticbay.com,8500,Ballard,N,Cinema,,,1999,O,1999,1999,0,3,500,,300,,100,,100,,,,,N,0,Y,0,Y,N,N,N,5,No single race is more than 50% of our audience,0,"2044 NW Market St Seattle, WA 98107","(47.6688574, -122.3841041)"
Nortthwest Film Forum,(206) 329-2629,www.nwfilmforum.org,8500,Capitol Hill,Y,Cinema,Arts Ed,,2003,R,1900,1995,2,2,164,,118,,46,,,,,,,N,0,Partial,0,Y,Y,Y,Y,4,White,2018,"1515 12th Ave, Seattle, WA 98122","(47.6144138, -122.317071)"
Seattle Center-SIFF Film Center and Cinema at the Uptown,(206) 464-5830,www.siff.net,4600,Seattle Center in Lower Queen Anne,Y,Cinema,,,2010,R,1924,1973,3,4,1026,,94,,932,,,,,,,N,0,Y,0,Y,Y,N,,3,White,2020,"305 Harrison St, Seattle, WA 98109","(47.62056855, -122.350491)"
The Big Picture,(206) 256-0566,www.thebigpicture.net,4400,Belltown,N,Cinema,,,1998,,1950,1998,1,1,100,,,,,,,,,,,N,0,Y,,Y,Y,Y,N,5,White,0,"2505 1st Ave, Seattle, WA 98121","(47.6146778, -122.3492477)"
Woodland Park Zoo and Stage,(206) 548-2500,www.zoo.org,4007000,Green Lake,Y,Education,,,1899,Other,1899,1965,0,1,0,,,,,,,,,,,Y,0,Y,754,Y,Y,Y,N,5,,0,"601 N 59th St, Seattle, WA 98103","(47.6684204, -122.350826)"
Center for Wooden Boats South Lake Union,(206) 382-2628,www.cwb.org,4000,South Lake Union,Y,Heritage,,,1983,R,1982,1977,1,0,0,,,,,,,,,,,Y,784,Partial,18,N,Y,Y,Y,1,No single race is more than 50% of our audience,2013,"1010 Valley Street Seattle, WA 98109","(47.62648, -122.3357295)"
Center for Wooden Boats Wallingford,(206) 382-2628,www.cwb.org,6000,Wallingford,Y,Heritage,,,2011,R,1927,1977,1,0,0,,,,,,,,,,,Y,,Partial,8,Y,N,Y,Y,2,No single race is more than 50% of our audience,2016,"1475 N Northlake Place, Seattle, WA 98103","(47.64632043, -122.3381967)"
Log House Museum,(206) 938-5293,www.loghousemuseum.info,1500,West Seattle,Y,Heritage,,,1997,Other,1904,1984,1,0,0,,,,,,,,,,,N,0,Partial,0,Y,N,N,N,5,White,0,"3003 61st Ave SW, Seattle, WA 98116","(47.5775947, -122.4109498)"
Northwest African American Museum,(206) 518-6000,www.naamnw.org,19700,Central District,Y,Heritage,Multi-use,,2010,R,1906,2007,0,0,0,,,,,,,,,,,Y,7500,Y,45,Y,Y,N,Y,3,Two or more races,,"2300 S Massachusetts St, Seattle, WA 98144","(47.5891416, -122.3018907)"
South Seattle Community College Chinese Gardens,(206) 934-5219,www.seattlechinesegarden.org,200376,West Seattle,Y,Heritage,Multi-use,,2011,O,2010,1991,0,0,0,,,,,,,,,,,N,0,Partial,10,N,Y,,,2,Two or more races,0,"6000 16th Ave SW, Seattle, WA 98106","(47.5510384, -122.3518643)"
Swedish Cultural Center,(206) 283-1090,www.swedishclubnw.org,13000,Queen Anne,Y,Heritage,,,1961,O,1961,1892,1,0,0,,,,,,,,,,,N,0,N,100,Y,Y,Y,N,5,White,0,"1920 Dexter Ave N, Seattle, WA 98109","(47.6364433, -122.342156)"
Elliot Bay Book Company,(206) 624-6600,www.elliottbaybook.com,15000,Capitol Hill,N,Literary,,,2010,R,1916,1973,1,1,180,,,,,,,,,,,Y,,Y,0,Y,,Y,N,5,No single race is more than 50% of our audience,,"1521 10th Ave, Seattle, WA 98122","(47.6146657, -122.3196776)"
Hugo House,(206) 322-7030,www.hugohouse.org,11000,Capitol Hill,Y,Literary,,,2004,R,1900,2000,2,2,87,,,,,,,,,,,,,Y,20,Y,Y,Y,N,2,White,,"1634 11th Ave, Seattle, WA 98122","(47.6162473, -122.3178798)"
Kinokuniya Book Store,(206) 587-2477,www.kinokuniya.com/us,8020,International Districtrict,N,Literary,,,2003,R,2000,2003,1,0,0,,,,,,,,,,,N,0,,,Y,,N,N,5,Asian and Pacific Islander,"2,015","525 South Weller St. Seattle, WA 98144","(47.5975101, -122.3116039)"
Magus Books,(206) 633-1800,www.magusbooksseattle.com,2800,University District,N,Literary,,,1978,R,1903,1978,0,0,0,,,,,,,,,,,N,0,N,0,Y,N,N,N,3,No single race is more than 50% of our audience,2016,"1408 NE 42nd St, Seattle, WA 98105","(47.6584363, -122.312882)"
Ophelia''s Books,(206) 632-3759,www.opheliasbooks.com,1500,Fremont,N,Literary,,,1994,R,,1994,0,0,0,,,,,,,,,,,N,0,Y,0,Y,N,N,N,4,No single race is more than 50% of our audience,2016,"3504 Fremont Ave N, Seattle, WA 98103","(47.6506373, -122.3496713)"
Seattle Public Library Ballard,(206) 684-4089,www.spl.org,15000,Ballard,Y,Literary,Multi-use,,2004,Other,2005,1913,1,0,0,,,,,,,,,,,N,0,Y,,Y,Y,Y,Y,5,White,0,"5614 22nd Ave NW, Seattle, WA 98107","(47.6698215, -122.3843172)"
Seattle Public Library Beacon Hill,(206) 684-4711,www.spl.org,10400,Beacon Hill,Y,Literary,Multi-use,,2003,Other,2004,1913,1,0,0,,,,,,,,,,,N,0,Y,,Y,Y,Y,Y,5,White,0,"2821 Beacon Ave S,. Seattle, WA 98144","(47.5779867, -122.3114095)"
Seattle Public Library Broadview,(206) 684-7519,www.spl.org,15000,Greenwood,Y,Literary,Multi-use,,1974,Other,2007,1913,0,0,0,,,,,,,,,,,N,0,Y,,Y,Y,Y,Y,5,White,0,"12755 Greenwood Ave N, Seattle, WA 98133","(47.7230197, -122.3562457)"
Seattle Public Library Capitol Hill,(206) 684-4715,www.spl.org,11215,Capitol Hill,Y,Literary,Multi-use,,1952,Other,2003,1913,1,0,0,,,,,,,,,,,N,0,Y,,Y,Y,Y,Y,5,White,0,"425 Harvard Ave E, Seattle, WA 98102","(47.6229428, -122.3223317)"
Seattle Public Library Columbia,(206) 386-1908,www.spl.org,12420,Columbia City,Y,Literary,Multi-use,,1914,Other,1915,1913,0,0,0,,,,,,,,,,,N,0,Y,,Y,Y,Y,Y,5,White,0,"4721 Rainier Ave S, Seattle, WA 98118","(47.55990535, -122.2869601)"
Seattle Public Library Delridge,(206) 733-9125,www.spl.org,5600,West Seattle,Y,Literary,Multi-use,,2001,Other,2002,1913,1,0,0,,,,,,,,,,,N,0,Y,,Y,Y,Y,Y,5,White,0,"5423 Delridge Way SW, Seattle, WA 98106","(47.5530455, -122.3632976)"
Seattle Public Library Douglas-Truth,(206) 684-4704,www.spl.org,16493,Central District,Y,Literary,Multi-use,,1913,Other,1914,1913,0,0,0,,,,,,,,,,,N,0,Y,,Y,Y,Y,Y,5,White,0,"2300 E Yesler Way, Seattle, WA 98122","(47.601907, -122.3017753)"
Seattle Public Library Fremont,(206) 684-4084,www.spl.org,6840,Fremont,Y,Literary,Multi-use,,1920,Other,1921,1913,0,0,0,,,,,,,,,,,N,0,Y,,Y,Y,Y,Y,5,White,0,"731 N. 35th St. Seattle, WA 98103","(47.6500311, -122.3484385)"
Seattle Public Library Green Lake,(206) 684-7547,www.spl.org,8090,Green Lake,Y,Literary,Multi-use,,1909,Other,1910,1913,0,0,0,,,,,,,,,,,N,0,Y,,Y,Y,Y,Y,5,White,0,"7364 E. Green Lake Dr. N. Seattle, WA 98115","(47.6814905, -122.3267044)"
Seattle Public Library Greenwood,(206) 684-4086,www.spl.org,15000,Greenwood,Y,Literary,Multi-use,,1923,Other,2005,1913,1,0,0,,,,,,,,,,,N,0,Y,,Y,Y,Y,Y,5,White,2034,"8016 Greenwood Ave N, Seattle, WA 98103","(47.68714104, -122.3551792)"
Seattle Public Library High Point,(206) 684-7454,www.spl.org,7200,West Seattle,Y,Literary,Multi-use,,2003,Other,2004,1913,1,0,0,,,,,,,,,,,N,0,Y,,Y,Y,Y,Y,5,White,0,"3411 S.W. Raymond St, Seattle, WA 98126","(47.54807515, -122.3758471)"
Seattle Public Library International Districtrict/Chinatown,(206) 386-4636,www.spl.org,3930,International District,Y,Literary,Multi-use,,2004,R,2005,1913,1,0,0,,,,,,,,,,,N,0,Y,,Y,Y,Y,Y,5,White,0,"1000 4th Ave, Seattle, WA 98104","(47.6040236, -122.3309956)"
Seattle Public Library Lake City,(206) 684-7518,www.spl.org,15300,Lake City,Y,Literary,Multi-use,,1964,Other,1965,1913,1,0,0,,,,,,,,,,,N,0,Y,,Y,Y,Y,Y,5,White,0,"12501 28th Ave N.E. Seattle, WA 98125","(47.7197965, -122.2980932)"
Seattle Public Library Madrona,(206) 684-4705,www.spl.org,1707,Madrona,Y,Literary,Multi-use,,1972,Other,1973,1913,1,0,0,,,,,,,,,,,N,0,Y,,Y,Y,Y,Y,5,White,0,"1134 33rd Ave Seattle, WA 98122","(47.61269145, -122.2900131)"
Seattle Public Library Magnolia,(206) 386-4225,www.spl.org,7799,Magnolia,Y,Literary,Multi-use,,1963,Other,1964,1913,0,0,0,,,,,,,,,,,N,0,Y,,Y,Y,Y,Y,5,White,0,"2801 34th Ave W, Seattle, WA 98199","(47.64532095, -122.4013599)"
Seattle Public Library Main,(206) 386-4636,www.spl.org,363000,Downtown,Y,Literary,Multi-use,,1905,Other,2004,1913,1,1,375,,,,,,,,,,,Y,800,Y,140,Y,Y,Y,Y,5,White,0,"1000 4th Ave, Seattle, WA 98104","(47.6040236, -122.3309956)"
Seattle Public Library Montlake,(206) 684-4720,www.spl.org,5652,Montlake,Y,Literary,Multi-use,,2005,Other,2006,1913,0,0,0,,,,,,,,,,,N,0,Y,,Y,Y,Y,Y,5,White,0,"2401 24th Ave E, Seattle, WA 98112","(47.6404243, -122.3023631)"
Seattle Public Library New Holly,(206) 760-3296,www.spl.org,4000,Beacon Hill,Y,Literary,Multi-use,,1998,R,1999,1913,1,0,0,,,,,,,,,,,N,0,Y,,Y,Y,Y,Y,5,White,2098,"3815 S Othello St #103, Seattle, WA 98118","(47.53683545, -122.2840438)"
Seattle Public Library Northeast,(206) 684-7539,www.spl.org,15000,Sand Point,Y,Literary,Multi-use,,1953,Other,1954,1913,1,0,0,,,,,,,,,,,N,0,Y,,Y,Y,Y,Y,5,White,0,"6801 35th Ave NE, Seattle, WA 98115","(47.6778643, -122.2907142)"
Seattle Public Library Northgate,(206) 386-1980,www.spl.org,10000,Northgate,Y,Literary,Multi-use,,2005,Other,2006,1913,1,0,0,,,,,,,,,,,N,0,Y,,Y,Y,Y,Y,5,White,0,"10548 5th Ave NE Seattle, WA 98125","(47.7059559, -122.3228384)"
Seattle Public Library Queen Anne,(206) 386-4227,www.spl.org,7931,Queen Anne,Y,Literary,Multi-use,,1913,Other,1914,1913,1,0,0,,,,,,,,,,,N,0,Y,,Y,Y,Y,Y,5,White,0,"400 W. Garfield St. Seattle, WA 98119","(47.6338273, -122.3627291)"
Seattle Public Library Rainier Beach,(206) 386-1906,www.spl.org,15000,Rainier Beach,Y,Literary,Multi-use,,1980,Other,1986,1913,1,0,0,,,,,,,,,,,N,0,Y,,Y,Y,Y,Y,5,White,0,"9125 Rainier Ave S, Seattle, WA 98118","(47.52135525, -122.2705023)"
Seattle Public Library South Park,(206) 615-1688,www.spl.org,5019,South Park,Y,Literary,Multi-use,,2005,Other,2006,1913,1,0,0,,,,,,,,,,,N,0,Y,,Y,Y,Y,Y,5,White,0,"8604 8th Ave S Seattle, WA 98108","(47.5262606, -122.3225793)"
Seattle Public Library Southwest,(206) 684-7455,www.spl.org,15000,West Seattle,Y,Literary,Multi-use,,1960,Other,1961,1913,1,0,0,,,,,,,,,,,N,0,Y,,Y,Y,Y,Y,5,White,0,"9010 35th Ave S.W. Seattle, WA 98126","(47.522442, -122.3762926)"
Seattle Public Library University,(206) 684-4063,www.spl.org,8140,University District,Y,Literary,Multi-use,,1909,Other,1910,1913,0,0,0,,,,,,,,,,,N,0,Y,,Y,Y,Y,Y,5,White,0,"5009 Roosevelt Way NE Seattle, WA 98105","(47.665541, -122.3178615)"
Seattle Public Library Wallingford,(206) 684-4088,www.spl.org,2000,Wallingford,Y,Literary,Multi-use,,1999,R,2000,1913,1,0,0,,,,,,,,,,,N,0,Y,,Y,Y,Y,Y,5,White,2029,"1501 N. 45th St. Seattle, WA 98103","(47.66116457, -122.3388849)"
Seattle Public Library West Seattle,(206) 684-7444,www.spl.org,9460,West Seattle,Y,Literary,Multi-use,,1909,Other,1910,1913,0,0,0,,,,,,,,,,,N,0,Y,,Y,Y,Y,Y,5,White,0,"2306 42nd Ave SW Seattle, WA 98116","(47.5826992, -122.3847046)"
Spring Street Center (Subud Pacific Northwest),(206) 422-5002,www.springstreetcenter.com,1700,First Hill,Y,Literary,Multi-use,,1974,O,1905,1974,0,2,80,,,,,,,,,,,N,0,Partial,0,Y,Y,N,N,5,White,0,"1101 15th Ave, Seattle, WA 98122","(47.6117204, -122.3130658)"
Artspace Hiawatha Lofts,(206) 709-7611,www.artspace.org,88843,Central District,Y,Live/Work,Multi-use,,2010,Other,2008,1979,0,0,0,,,,,,,,,,,Y,1500,Y,60,Y,N,N,N,5,Two or more races,0,"843 Hiawatha Pl S, Seattle, WA 98144","(47.5951899, -122.3099181)"
Impact Hub Seattle,(206) 430-6007,www.impacthubseattle.com,20000,Pioneer Square,N,Live/Work,Multi-use,,2011,R,1905,2010,2,0,0,,,,,,,,,,,Y,2000,Partial,0,Y,Y,Y,N,5,White,2024,"220 2nd Ave S, Seattle, WA 98104","(47.6007271, -122.3313269)"
Works Progress,(206) 466-1624,www.worksprogressseattle.com,1200,Greenwood,N,Live/Work,,,2012,R,1968,2012,1,0,0,,,,,,,,,,,Y,600,N,7,Y,Y,N,N,1,White,2017,"115 N 85th St #202, Seattle, WA 98103","(47.6903817, -122.3573889)"
The Project Room,(206) 499-9641,www.projectroomseattle.org,750,Capitol Hill,Y,Multi-use,,,2011,R,1912,2011,0,0,0,,,,,,,,,,,N,0,,0,Y,N,Y,N,4,No single race is more than 50% of our audience,2015,"1315 E Pine St Seattle, WA 98122","(47.6151596, -122.3147172)"
ActivSpace North Seattle,(206) 529-1488,www.activspace.com,50000,Lake City,N,Multi-use,,,2012,Other,2004,1997,4,0,0,,,,,,,,,,,N,0,Y,20,Y,Y,N,N,5,,0,"10015 Lake City Way NE, Seattle, WA 98125","(47.7018484, -122.3023713)"
Alki Bathhouse Studio,(206) 684-7430,www.seattle.gov/parks/arts/alkiart.htm,1550,West Seattle,Y,Multi-use,,,1920,O,1920,1920,0,0,0,,,,,,,,,,,Y,1550,Y,0,Y,Y,Y,N,5,,0,"1702 Alki Ave S.W. Seattle, WA 98116","(47.588343, -122.395329)"
Annex Theatre,(206) 728-0933,www.annextheatre.org,3750,Capitol Hill,Y,Multi-use,,,2007,R,1910,1986,5,1,99,,,,,,,,,,,N,0,N,0,Y,Y,Y,N,2,White,It's month to month.,"1100 E Pike St, Seattle, WA 98122","(47.6140917, -122.3191769)"
Arts West,(206) 938-0339,www.artswest.org,12680,West Seattle,Y,Multi-use,,,1998,O,1928,1998,0,1,149,,,,,,,,,,,Y,900,Y,0,Y,,Y,Y,4,White,0,"4711 California Ave SW, Seattle, WA 98116","(47.5607163, -122.3871398)"
Artspace Tashiro Kaplan Lofts and the Angle & Corridor Gallery,(206) 223-1160,www.tklofts.com,130000,Pioneer Square,N,Multi-use,,,2004,O,1902,2004,0,0,0,,,,,,,,,,,Y,,Partial,24,Y,Y,N,,5,White,0,"115 Prefontaine Place S, Seattle, WA 98104","(47.6012805, -122.3297091)"
Belle and Wissell/Oxbow,(206) 322-7908,www.bwco.info,11250,Georgetown,N,Multi-use,,,2011,O,1925,2003,1,1,,,,,,,,,,,,Y,2500,Y,8,Y,Y,Y,Y,5,Two or more races,0,"6014 12th Ave S, Seattle, WA 98108","(47.5487509, -122.3170704)"
Danse Perdue's Psychomachia Theater,(206) 383-4105,www.danseperdue.org,2000,SODO,,Multi-use,,,2009,R,1928,2000,0,1,50,,,,,,,,,,,Y,1400,,0,Y,Y,N,N,2,White,It's month to month.,"1534 1st Ave S, Seattle, WA 98134","(47.5719192, -122.3342902)"
Design Commission Gallery,(206) 223-7709 ,www.designcommissiongallery.com,3200,Pioneer Square,N,Multi-use,,,2009,R,1895,2004,2,0,0,,,,,,,,,,,Y,800,Y,0,Y,N,N,N,4,White,2018,"310 South Washington St, Seattle, WA 98104","(47.6010176, -122.3297496)"
El Centro de la Raza,(206) 329-9442,www.elcentrodelaraza.com,54548,Beacon Hill,Y,Multi-use,,,1972,O,1911,1972,0,0,0,,,,,,,,,,,N,0,Y,130,,Y,N,Y,5,Hispanic or Latino,0,"2524 16th Ave S, Seattle, WA 98144","(47.5803398, -122.3112978)"
FRED Wildlife Refuge,(206) 588-6959,www.fredwildliferefuge.com,5200,Capitol Hill,Y,Multi-use,,,2010,R,1962,2010,0,0,0,,,,,,,,,,,Y,1200,Y,5,Y,Y,Y,N,5,No single race is more than 50% of our audience,2015,"127 Boylston Ave E, Seattle, WA 98102","(47.6219768, -122.3230383)"
Frye Art Museum,(206) 622-9250,www.fryemuseum.org,42000,First Hill,Y,Multi-use,,,1952,O,1952,1952,0,1,142,,,,,,,,,,,Y,18000,Y,122,Y,Y,Y,Y,5,White,0,"704 Terry Ave Seattle, WA 98104","(47.60718365, -122.3240443)"
Hard Rock Café,(206) 204-2233,www.hardrock.com,14000,Downtown,N,Multi-use,,,2010,R,1920,2010,0,0,0,,,,,,,,,,,N,0,Y,0,Y,Y,Y,N,5,No single race is more than 50% of our audience,,"116 Pike St, Seattle, WA 98101","(47.6093109, -122.3394956)"
Interbay Worklofts,(206) 286-3550,www.interbayworklofts.com,2000,Interbay,N,Multi-use,,,2012,Other,2013,2012,0,0,0,,,,,,,,,,,N,0,Y,92,Y,Y,N,N,4,White,0,"3131 Western Ave #419, Seattle, WA 98121","(47.6182617, -122.3577413)"
Jack Straw,(206) 634-0919,www.jackstraw.org,11000,University District,Y,Multi-use,,,1985,O,1922,1962,3,1,,,,,,,,,,,,Y,300,Partial,0,Y,Y,Y,Y,5,White,0,"4261 Roosevelt Way NE Seattle, WA 98105","(47.6593157, -122.3179173)"
Metrix Create Space,(206) 357-9406,www.metrixcreatespace.com,2000,Capitol Hill,N,Multi-use,,,2009,R,1920,2004,1,0,0,,,,,,,,,,,N,0,N,0,N,N,N,N,4,No single race is more than 50% of our audience,2024,"623 Broadway E, Seattle, WA 98102","(47.624979, -122.3211541)"
Mini Mart City Park,,www.minimartcitypark.com,435,Georgetown,Y,Multi-use,,,2008,O,1937,2008,0,0,0,,,,,,,,,,,N,0,Partial,4,Y,N,N,N,4,No single race is more than 50% of our audience,0,"6525 Ellis Ave S, Seattle, WA 98108","(47.54413735, -122.3191131)"
Nordic Museum,(206) 789-5707,www.nordicmuseum.org,45000,Ballard,Y,Multi-use,,,1980,R,1907,1979,0,0,0,,,,,,,,,,,Y,3800,Y,30,Y,Y,Y,Y,4,White,2015,"3014 NW 67th St Seattle, WA 98117","(47.6776991, -122.3963587)"
Of the Earth,(206) 462-7022,www.oftheearth.org,4000,Greenlake,N,Multi-use,,,2014,R,1900,1994,4,0,0,,,,,,,,,,,N,0,Y,0,Y,N,N,N,5,No single race is more than 50% of our audience,2019,"7706 Aurora Ave N Seattle, WA 98103","(47.6850306, -122.344258)"
Rainier Chapter House DAR,(206) 323-0600,www.rainierchapterhouse.com,9225,Capitol Hill,Y,Multi-use,,,1925,O,1925,1894,0,1,200,,,,,,,,,,,N,0,Y,5,Y,Y,Y,N,4,White,0,"800 East Roy St, Seattle, WA 98102","(47.62532335, -122.3220406)"
Seattle Center EMP and Sky Church,(206) 770-2700,www.empmuseum.org,140000,Seattle Center in Lower Queen Anne,Y,Multi-use,,,2000,Other,2000,1990,0,1,191,,,,,,,,,,,Y,23100,Y,0,Y,N,Y,Y,4,,0,"325 5th Ave N, Seattle, WA 98109","(47.62149775, -122.3482387)"
Seattle Center Mural Ampitheater,(206) 684-7200,www.seattlecenter.com,58000,Seattle Center in Lower Queen Anne,,Multi-use,,,1962,O,1961,1962,0,1,3500,,,,,,,,,,,N,0,Y,0,N,Y,N,N,5,Two or more races,0,"305 Harrison St Seattle, WA 98109","(47.62056855, -122.350491)"
Seattle Center Pacific Science Center,(206) 443-2001,www.pacificsciencecenter.org,177750,Seattle Center in Lower Queen Anne,Y,Multi-use,,,1962,O,1962,1962,0,2,725,Boeing,405,Paccar,320,,,,,,,Y,12000,Y,162,Y,Y,Y,N,5,White,0,"200 2nd Ave N, Seattle, WA 98109","(47.61941385, -122.3508085)"
Seattle Center Pavilion,(206) 684-7200,www.seattlecenter.com,5300,Seattle Center in Lower Queen Anne,,Multi-use,,,1962,O,1961,1962,0,1,336,,,,,,,,,,,N,0,Y,0,N,,N,N,5,Two or more races,0,"305 Harrison St Seattle, WA 98109","(47.62056855, -122.350491)"
Seattle Center Seattle Children's Museum,(206) 441-1768,www.thechildrensmuseum.org,32000,Seattle Center in Lower Queen Anne,Y,Multi-use,Arts Ed,,1985,R,1939,1980,1,1,2,,,,,,,,,,,Y,300,Partial,0,N,Y,Y,Y,5,No single race is more than 50% of our audience,2019,"305 Harrison St, Seattle, WA 98109","(47.62056855, -122.350491)"
St. Paul's Episcopal Church,(206) 282-0786,www.stpaulseattle.org,1100,Lower Queen Anne,Y,Multi-use,,,1913,O,1962,,3,0,0,,,,,,,,,,,Y,400,N,10,Y,Y,N,N,5,White,0,"15 Roy St, Seattle, WA 98109","(47.6252101, -122.3559613)"
Storefronts Seattle/Shunpike,(206) 905-1026,www.shunpike.org,26600,Belltown,Y,Multi-use,Visual,,2007,R,1889,2000,0,0,0,,,,,,,,,,,N,0,N,1,N,N,N,Y,2,Black or African American,2013,"2324 1st Ave # 112, Seattle, WA 98121","(47.6139909, -122.3472372)"
University Heights Community Center,(206) 527-4278,www.uhcca.org,55000,University District,Y,Multi-use,,,2000,O,1902,1999,0,1,100,,,,,,,,,,,N,0,Y,99,Y,N,N,N,5,White,0,"5031 University Way NE, Seattle, WA 98105","(47.6656768, -122.3136491)"
University of Washington Samuel E. Kelly Ethnic Cultural Center,(206) 543-4635,www.depts.washington.edu/ecc,25000,University District,,Multi-use,,,2011,Other,2012,1970,1,1,161,,,,,,,,,,,N,0,Y,0,Y,Y,N,N,5,No single race is more than 50% of our audience,0,"3931 Brooklyn Ave NE, Seattle, WA 98105","(47.65492433, -122.3145764)"
WA State Holocaust Ed Center,(206) 774-2201,www.wsherc.org,6000,Downtown,Y,Multi-use,,,,O,2006,1989,1,0,0,,,,,,,,,,,,,Y,0,Y,N,,Y,5,No single race is more than 50% of our audience,0,"2031 3rd Ave, Seattle, WA 98121","(47.6128253, -122.3422256)"
Washington Hall,(206) 316-7613,www.washingtonhall.org,7000,Central District,Y,Multi-use,,,2009,O,1908,1973,0,1,349,,,,,,,,,,,N,0,N,20,Y,Y,Y,Y,5,No single race is more than 50% of our audience,0,153 14th Ave Seattle WA 98122,"(47.60284, -122.3145874)"
West of Lenin,(206) 352-1777,www.westoflenin.com,3400,Fremont,N,Multi-use,,,2011,O,1962,2011,1,2,0,,88,,30,,,,,,,Y,590,Partial,3,Y,Y,N,N,5,White,0,"203 N 36th St, Seattle, WA 98103","(47.6524012, -122.3563132)"
Youngstown Cultural Arts Center,(206) 935-2999,www.youngstownarts.org,18035,West Seattle,Y,Multi-use,Performance,Visual,2005,O,1917,2006,0,2,200,,,,,,,,,,,Y,1800,Y,54,Y,Y,N,Y,5,No single race is more than 50% of our audience,0,"4408 Delridge Way SW, Seattle, WA 98106","(47.56357765, -122.3630304)"
Century Ballroom,(206) 324-7263,www.centuryballroom.com,11300,Capitol Hill,N,Multi-use,,,1996,R,1908,1996,2,2,399,,300,,99,,,,,,,N,0,Partial,0,Y,Y,Y,N,4,White,2017,"915 E Pine St, Seattle, WA 98122","(47.6151265, -122.3198707)"
Town Hall,(206) 652-4255,www.townhallseattle.org,37000,First Hill,Y,Multi-use,,,1999,O,1916,1999,0,3,1300,Great Hall,850,Downstairs,350,Pub,100,,,,,N,0,Y,5,Y,Y,Y,Y,5,White,0,"1119 8th Ave, Seattle, WA 98101","(47.6090096, -122.3299408)"
The Josephine and Friends of NW 65th,(206) 543-0065,www.josephinebaker-bonaparte.blogspot.com,,Ballard,Y,Multi-use,,,,R,1932,,0,1,600,,,,,,,,,,,N,0,N,0,Y,,N,,2,White,,"608 NW 65th St Seattle, WA 98117","(47.6762165, -122.3638347)"
Avast Recording Co,(206) 633-3926,www.avastrecording.com,7500,Greenwood,N,Music,,,2004,O,1927,1989,1,0,0,,,,,,,,,,,N,0,Partial,5,Y,N,N,N,4,Two or more races,0,"601 NW 80th St, Seattle, WA 98117","(47.6867128, -122.3636508)"
Columbia City Theater,(206) 722-3009,www.columbiacitytheater.com,1820,Columbia City,N,Music,,,2010,O,1917,2010,0,1,120,,,,,,,,,,,,,Partial,0,Y,Y,Y,N,4,White,0,"4916 Rainier Ave S, Seattle, WA 98118","(47.5573208, -122.2844836)"
Crybaby Studios,(206) 660-0117,www.crybabystudios.com,14000,Capitol Hill,N,Music,,,1998,R,1910,1998,0,0,0,,,,,,,,,,,N,0,,0,Y,Y,N,N,1,,2018,"11th Ave, Seattle, WA 98122","(47.6129328, -122.3181106)"
Egg Studios/Popllama Products,,www.eggstudios.net,750,Ravenna,N,Music,,,1988,O,1929,1981,1,0,0,,,,,,,,,,,N,0,,1,Y,N,N,N,5,Two or more races,0,,
El Corazon,(206) 262-0482,www.elcorazonseattle.com,8000,Eastlake,N,Music,,,2004,R,1910,2004,0,0,0,,,,,,,,,,,N,0,,20,Y,N,Y,N,4,White,2024,"109 Eastlake Ave E Seattle, WA 98109","(47.618798, -122.3293302)"
Flying House Productions,(206) 323-0750,www.flyinghouse.org,4000,First Hill,Y,Music,,,1993,O,1960,1979,2,0,0,,,,,,,,,,,N,0,Y,12,Y,Y,N,Y,5,White,0,"319 12th Ave, Seattle, WA 98122","(47.60502955, -122.3171573)"
Georgetown Records and Fantagraphics Books,(206) 762-5638,www.georgetownrecords.net,1200,Georgetown,N,Music,Literary,,2004,R,1911,2004,0,0,0,,,,,,,,,,,Y,500,Y,0,Y,N,N,N,4,,2016,"1201 S Vale St, Seattle, WA 98108","(47.5490859, -122.3169537)"
Gravelvoice,,www.scottcolburn.com,1000,Ballard,N,Music,,,2003,O,1908,1988,10,0,0,,,,,,,,,,,N,0,N,0,N,N,N,N,5,No single race is more than 50% of our audience,0,,
Haller Lake United Methodist Church,(206) 362-5383,www.hallerlakeumc.org,1200,Haller Lake,Y,Music,,,1952,O,1952,1912,0,0,0,,,,,,,,,,,N,0,Y,100,Y,N,N,N,5,White,0,"13055 1st Ave NE Seattle, WA 98125","(47.72465145, -122.3293843)"
Hollow Earth Radio,(206) 588-5437,www.hollowearthradio.org,1000,Central District,Y,Music,Arts Ed,,2010,R,1900,2006,0,0,0,,,,,,,,,,,Y,25,N,0,Y,N,N,Y,3,White,2016,"2018 A E. Union St, Seattle, WA 98122","(47.6129184, -122.316028)"
Jazz Night School,(206) 722-6061,www.jazznightschool.org,2000,Hillman City,Y,Music,,,2008,R,1916,2008,0,0,0,,,,,,,,,,,N,0,Partial,0,Y,,N,,3,White,0,"3916 S Morgan St, Seattle, WA 98118","(47.5440673, -122.2824356)"
KSUB Radio,(206) 296-6000,www.ksubseattle.org,500,First Hill,Y,Music,,,2005,O,1950,1996,1,1,,,,,,,,,,,,N,0,,0,N,N,N,N,5,White,0,"901 12th Ave Seattle, WA 98122","(47.6106553, -122.3171103)"
Music Center of Northwest,(206) 526-8443,www.mcnw.org,7500,Greenwood,Y,Music,,,1995,R,1952,1988,1,1,180,,,,,,,,,,,N,0,Partial,30,Y,Y,N,Y,5,White,2024,"901 N 96th St, Seattle, WA 98103","(47.6983998, -122.3470479)"
Nectar,(206) 632-2020,www.nectarlounge.com,9999,Fremont,N,Music,,,2003,R,1959,2003,0,0,0,,,,,,,,,,,N,0,Y,10,Y,N,Y,N,1,No single race is more than 50% of our audience,2029,"412 N 36th St, Seattle, WA 98103","(47.652355, -122.3538429)"
Neumos/Barboza,(206) 709-9442,www.neumos.com,12500,Capitol Hill,N,Music,,,1993,R,1927,1993,0,2,940,,,,,,,,,,,N,0,Partial,0,Y,N,Y,N,5,No single race is more than 50% of our audience,2018,"925 E Pike St, Seattle, WA 98122","(47.613959, -122.319574)"
Orbit Audio,(206) 381-1244,www.orbitaudiorocks.com,2200,Pioneer Square,N,Music,,,2001,R,1910,1993,2,0,0,,,,,,,,,,,N,0,,,N,N,N,N,4,No single race is more than 50% of our audience,2018,"219 1st Ave S, Seattle, WA 98104","(47.6002492, -122.3346249)"
Rockit Community Arts and Garden House,(206) 323-7733,www.rockitspace.org,200,Beacon Hill,Y,Music,Literary,,2010,R,1883,2009,1,0,80,,,,,,,,,,,N,0,Partial,20,Y,Y,Y,Y,3,Two or more races,,"2336 15th Ave S. Seattle, WA 98144","(47.58176075, -122.3130944)"
Royal Room,(206) 906-9920,www.theroyalroomseattle.com,3200,Columbia City,N,Music,,,2011,R,1937,2011,0,0,0,,,,,,,,,,,N,0,Y,0,Y,N,Y,N,3,No single race is more than 50% of our audience,2017,"5000 Rainier Ave S. Seattle, WA 98118","(47.556924, -122.2843057)"
Sea Monster Lounge,(206) 992-1120,www.seamonsterlounge.com,1250,Wallingford,N,Music,,,2002,R,1925,2002,0,1,50,,,,,,,,,,,Y,350,Y,,Y,N,Y,N,5,No single race is more than 50% of our audience,2023,"2202 N 45th St, Seattle, WA 98103","(47.6614929, -122.3322973)"
Benaroya Hall,(206) 215-4800,www.seattlesymphony.org/benaroya,362250,Downtown,Y,Music,,,1998,R,1998,1998,0,3,3100,,2500,,540,,60,,,,,Y,210000,Y,430,Y,Y,Y,N,4,White,2083,"200 University St, Seattle, WA 98101","(47.60812795, -122.3369748)"
Showbox at the Market,(206) 628-3151,www.showboxonline.com/market,10000,Downtown,N,Music,,,2007,R,1939,2007,0,1,1130,,,,,,,,,,,N,0,Partial,0,Y,N,Y,N,4,No single race is more than 50% of our audience,2024,"1426 1st Ave, Seattle, WA 98101","(47.6085092, -122.3394134)"
Sonic Boom,(206) 297-2666,www.sonicboomrecords.com,2200,Ballard,N,Music,,,2001,R,1920,1997,4,0,0,,,,,,,,,,,N,0,Partial,0,Y,N,N,N,4,White,2016,"2209 NW Market St, Seattle, WA 98107","(47.6685224, -122.3851065)"
Sunset Tavern,(206) 784-4880,www.sunsettavern.com,2000,Ballard,N,Music,,,2000,R,1908,2000,0,0,0,,,,,,,,,,,N,0,Y,0,Y,N,Y,N,5,White,2020,"5433 Ballard Ave NW, Seattle, WA 98107","(47.6682756, -122.3860837)"
The Chapel Performance Space at Good Shepherd Center,(206) 547-8127,www.historicseattle.org/projects/gsc.aspx,3600,Wallingford,Y,Music,,,2007,O,1907,1974,0,1,150,,,,,,,,,,,N,0,Y,100,N,Y,N,N,5,White,0,"4649 Sunnyside Ave N, 4th floor, Seattle, WA 98103","(47.6640977, -122.3310449)"
Tim's Tavern,(206) 789-9005,www.timstavernseattle.com,1100,Greenwood,N,Music,,,2011,R,1935,1934,0,0,0,,,,,,,,,,,N,0,Y,14,Y,N,Y,N,5,No single race is more than 50% of our audience,2016,"602 N 105th St, Seattle, WA 98133","(47.705199, -122.3509853)"
Tractor Tavern,(206) 789-3599,www.tractortavern.com,4000,Ballard,N,Music,,,1993,R,1910,1993,0,1,299,,,,,,,,,,,N,0,Partial,0,Y,N,Y,N,4,White,,"5213 Ballard Ave NW, Seattle, WA 98107","(47.6657095, -122.3828003)"
Triple Door Theater and Musicquarium Lounge,(206) 838-4333,www.thetripledoor.net,18656,Downtown,N,Music,,,2003,O,1926,2003,0,1,275,,,,,,,,,,,N,0,Y,,Y,Y,Y,N,5,No single race is more than 50% of our audience,0,"216 Union St, Seattle, WA 98101","(47.6086439, -122.337685)"
5th Avenue Theatre,(206) 625-1900,www.5thavenue.org,44154,Downtown,Y,Performance,,,1979,R,1926,1979,0,1,2100,,,,,,,,,,,N,0,Y,0,Y,Y,Y,Y,5,White,2034,"1308 5th Ave, Seattle, WA 98101","(47.6091749, -122.3339671)"
A Contemporary Theatre (ACT),(206) 292-7660,www.acttheatre.org,21360,Downtown,Y,Performance,,,1995,Other,1926,1965,1,5,1153,Allen,434,Falls,409,Bullitt,150,Lallie,60,Buster,100,N,0,Y,0,Y,Y,Y,Y,5,White,0,"700 Union St, Seattle, WA 98101","(47.6108495, -122.3323316)"
ARC Dance,(206) 352-0798,www.arcdance.org,9000,Crown Hill,Y,Performance,Music,Arts Ed,2004,R,1950,1998,0,1,150,,,,,,,,,,,N,0,Y,0,Y,Y,N,N,3,Two or more races,2023,"9250 14th Ave NW Seattle, WA 98117","(47.6973909, -122.3736435)"
Caravan Gallery-Parlor and Roadside Attractions,(206) 799-1180,www.acaravan.com,260,West Seattle,N,Performance,,,2011,O,1974,2008,0,1,25,,,,,,,,,,,Y,200,N,0,Y,Y,N,N,5,No single race is more than 50% of our audience,0,,
Columbia City Gallery,(206) 760-9843,www.columbiacitygallery.com,3518,Columbia City,Y,Performance,Visual,Multi-use,1998,O,1921,1975,0,1,252,,,,,,,,,,,,,Y,15,Y,Y,Y,Y,5,No single race is more than 50% of our audience,0,"4864 Rainier Ave S, Seattle, WA 98118","(47.558197, -122.2850094)"
Crocodile,(206) 441-4618,www.thecrocodile.com,6400,Belltown,N,Performance,Music,,1990,R,1924,2008,0,2,500,,,,,,,,,,,N,0,Y,0,Y,N,Y,N,4,No single race is more than 50% of our audience,None,"2200 2nd Ave, Seattle, WA 98121","(47.6135576, -122.3442489)"
Duwamish Longhouse,(206) 431-1582,www.duwamishtribe.org,6044,West Seattle,Y,Performance,Heritage,Multi-use,2008,O,2009,1982,5,0,0,,,,,,,,,,,Y,700,Y,26,Y,Y,N,N,4,Native American and Alaska Native,0,"4705 W Marginal Way SW, Seattle, WA 98106","(47.56093545, -122.352001)"
Empty Sea Studios,(206) 329-9442,www.elcentrodelaraza.com,1400,Phinney Ridge,N,Performance,Music,Arts Ed,2009,R,1914,2005,1,1,40,,,,,,,,,,,N,0,N,0,Y,Y,Y,N,3,White,2016,"2524 16th Ave S, Seattle, WA 98144","(47.5803398, -122.3112978)"
Erickson Theater ,(206) 427-5207,www.seattlecentral.edu,7500,Capitol Hill,Y,Performance,,,2007,R,2004,2004,2,1,141,,,,,,,,,,,N,0,Y,0,Y,,N,N,1,White,,"1524 Harvard Ave Seattle, WA 98122","(47.6148138, -122.3217378)"
Freehold Theatre and Lab Studio,(206) 323-7499,www.freeholdtheatre.org,4800,Belltown,Y,Performance,Arts Ed,,2008,R,1960,1991,2,1,49,,,,,,,,,,,N,0,N,0,Y,Y,N,Y,4,No single race is more than 50% of our audience,,"2222 2nd Ave, Suite 200, Seattle, WA 98121","(47.6138182, -122.3448891)"
Fremont Abbey Arts Center,(206) 414-8325,www.fremontabbey.org,8500,Fremont,Y,Performance,Music,Arts Ed,2005,R,1914,2005,1,2,250,,,,,,,,,,,Y,1400,Y,0,Y,Y,Y,Y,4,No single race is more than 50% of our audience,2014,"4272 Fremont Ave N, Seattle, WA 98103","(47.6591931, -122.3498604)"
Full Tilt Ballard,(206) 297-3000,www.fulltilticecream.com,1300,Ballard,N,Performance,Music,,2008,R,,2008,0,0,0,,,,,,,,,,,Y,,Y,0,Y,Y,Y,N,5,White,2021,"5453 Leary Ave NW Seattle, WA 98107","(47.6679185, -122.3838941)"
Full Tilt Columbia City,(206) 226-2740,www.fulltilticecream.com,1100,Columbia City,N,Performance,Music,,2008,R,,2008,0,0,0,,,,,,,,,,,Y,,Y,0,Y,Y,Y,N,5,White,2021,"5041 Rainier Ave S, Seattle, WA 98118","(47.5559849, -122.2840929)"
Full Tilt White Center,(206) 767-4811,www.fulltilticecream.com,1200,White Center,N,Performance,Music,,2008,R,,2008,0,0,0,,,,,,,,,,,Y,,Y,0,Y,Y,Y,N,5,White,2021,"9629 16th Ave SW Seattle, WA 98106","(47.51702931, -122.3552849)"
Geisa Dutra Piano Studio,(206) 295-6590,www.geisadutra.com,1700,Greenwood,N,Performance,Music,,1996,O,1940,1996,1,0,0,,,,,,,,,,,N,0,,0,Y,Y,Y,N,4,Hispanic or Latino,0," 8735 Palatine Ave N Seattle, WA 98103","(47.6934167, -122.3569439)"
Ghost Light Theatricals,(206) 395-5458,www.ghostlighttheatricals.org,2682,Ballard,Y,Performance,,,2009,R,1925,2002,0,1,85,,,,,,,,,,,Y,200,,0,Y,Y,Y,Y,5,White,2016,"2220 NW Market Street Lower Level Seattle, WA 98107","(47.6691001, -122.3857909)"
Kenyon Hall,(206) 937-3613,www.kenyonhall.org,1200,West Seattle,Y,Performance,Arts Ed,Multi-use,1992,O,1916,1992,0,1,125,,,,,,,,,,,N,0,Partial,1,Y,Y,N,N,5,White,0,"7904 35th Ave SW, Seattle, WA 98126","(47.5316617, -122.3761768)"
L.A.B at Seattle Drum School of Music,(206)364-8815,www.seattledrumschool.com,8300,Pinehurst,N,Performance,Music,,1986,R,1928,1986,0,1,90,,,,,,,,,,,N,0,Partial,37,Y,N,N,N,1,White,It's month to month.,"12510 15th Ave NE Seattle, WA 98125","(47.7196359, -122.3125577)"
Lee Center for the Arts,(206) 296-5373,www.seattleu.edu/artsci/departments/fine-arts/venues/lee-center,10000,Capitol Hill,N,Performance,Visual,Music,2006,O,1930,1890,3,1,180,,,,,,,,,,,Y,1500,Y,50,Y,N,Y,N,5,White,0,"901 12th Ave Seattle, WA 98122","(47.6106553, -122.3171103)"
New City Theater,(206) 271-4430,www.newcitytheater.org,1950,Central District,Y,Performance,,,2008,R,1935,1981,3,1,49,,,,,,,,,,,,,Partial,0,Y,Y,Y,N,5,White,2015,"1404 18th Ave, Seattle, WA 98122","(47.6131012, -122.3086934)"
Northwest Puppet Center/ Carter Family Marionettes Fremont,(206) 523-2579,www.nwpuppet.org,8000,Fremont,Y,Performance,Puppetry,,2012,O,1915,1984,2,0,0,,,,,,,,,,,Y,,Partial,0,Y,N,Y,Y,5,,0,,
On the Boards,(206) 217-9886,www.ontheboards.org,27500,Lower Queen Anne,Y,Performance,,,1996,O,1912,1978,1,2,404,,320,,84,,,,,,,N,0,Y,39,Y,Y,Y,Y,5,White,0,"100 W Roy St, Seattle, WA 98119","(47.6259637, -122.3582053)"
Open Flight Studio,(206) 632-0067,www.openflightstudio.org,1000,University District,,Performance,,,2001,R,,2001,0,0,0,,,,,,,,,,,N,0,,2,N,Y,N,N,3,Two or more races,2015,"4205 University Way NE Seattle, WA 98105","(47.6585538, -122.3133686)"
Rendezvous & Jewel Box Theater,(206) 441-5823,www.jewelboxtheater.com,2800,Belltown,N,Performance,Visual,,2002,O,1927,1927,1,2,113,,68,,45,,,,,,,N,0,Y,0,Y,Y,Y,N,5,,0,"2322 2nd Ave, Seattle, WA 98121","(47.614714, -122.3462234)"
Sand Point Arts & Cultural Exchange,(206) 245-5457,www.spaceatmagnuson.org,37125,Sand Point,Y,Performance,Visual,Multi-use,2012,Other,1938,1994,4,1,500,,,,,,,,,,,Y,800,Partial,,Y,Y,Y,N,4,White,,"7400 Sand Point Way NE, Suite 203 S. Seattle, WA 98115","(47.68213235, -122.2632982)"
Satori Lab in Inscape,(513) 600-0815,www.satori-group.com,,International District,Y,Performance,,,2012,R,1932,2007,1,1,75,,,,,,,,,,,Y,400,Y,0,N,Y,Y,Y,4,White,2019,"815 Seattle Blvd S, Seattle, WA 98134","(47.59511695, -122.3270859)"
School of Acrobatics & New Circus Arts (SANCA),(206) 652-4433,www.sancaseattle.org,27000,Georgetown,Y,Performance,Arts Ed,,2006,R,1965,2004,1,1,130,,,,,,,,,,,N,0,Partial,20,Y,Y,N,Y,4,White,2014,"674 S Orcas St, Seattle, WA 98108","(47.5518058, -122.3246163)"
Seattle Center Key Arena,(206) 684-7200,www.keyarena.com,130000,Seattle Center in Lower Queen Anne,N,Performance,Music,Multi-use,1998,Other,1962,1962,0,1,16000,,,,,,,,,,,N,0,Y,60,Y,Y,Y,N,4,No single race is more than 50% of our audience,0,"305 Harrison Street Seattle, WA 98109","(47.62056855, -122.350491)"
Seattle Center McCaw Hall,(206) 733-9725,www.mccawhall.com,40000,Seattle Center in Lower Queen Anne,Y,Performance,Multi-use,,2003,O,2003,2002,0,2,,,,,,,,,,,,N,0,Y,1000,Y,Y,Y,,5,No single race is more than 50% of our audience,0,"321 Mercer St, Seattle, WA 98109","(47.6239543, -122.3507651)"
Seattle Center Seattle Children's Theatre,(206) 441-3322,www.sct.org,65000,Seattle Center in Lower Queen Anne,Y,Performance,Arts Ed,,1993,R,1993,1975,1,2,756,,481,,275,,,,,,,N,0,Y,0,Y,Y,N,Y,4,White,2013,"201 Thomas St, Seattle, WA 98109","(47.6204434, -122.3525072)"
Seattle Center Seattle Repertory Theatre at Leo K,(206) 443-2222,www.seattlerep.org,65000,Seattle Center in Lower Queen Anne,Y,Performance,,,1983,Other,1983,1963,1,2,1126,,842,,284,,,,,,,N,0,Y,23,Y,Y,Y,Y,5,White,2026,"155 Mercer St, Seattle, WA 98109","(47.62384645, -122.3535963)"
Seattle Center SIS Productions/ReAct & Pork Filled Players at Prima Vera Arts Center,(206) 323-9443,www.sis-productions.org,3023,Seattle Center in Lower Queen Anne,Y,Performance,,,2006,Other,1961,1998,0,0,49,,,,,,,,,,,Y,,N,14,Partial,Y,N,Y,2,Asian and Pacific Islander,It's month to month.,"112 5th Ave N Seattle, WA 98109","(47.6190574, -122.3473634)"
Seattle Center Vera Project,(206) 956-8372,www.theveraproject.org,128877,Seattle Center in Lower Queen Anne,Y,Performance,Arts Ed,Studios,2007,R,1962,2001,3,1,362,,,,,,,,,,,Y,13300,Y,0,Y,N,N,Y,5,White,2017,"305 Harrison St Seattle, WA 98109","(47.62056855, -122.350491)"
Seattle Center/Center House Theatre,(206) 684-7200,www.seattlecenter.com,22086,Seattle Center in Lower Queen Anne,Y,Performance,,,1999,Other,1934,1999,0,3,367,,192,,75,,100,,,,,Y,480,Y,0,N,Y,N,Y,5,No single race is more than 50% of our audience,0,"305 Harrison St Seattle, WA 98109","(47.62056855, -122.350491)"
Seattle Central Community College Broadway Performance Hall,(206) 325-3113,www.broadwayperfhall.com,20000,Capitol Hill,,Performance,,,1979,Other,1979,,0,1,295,,,,,,,,,,,N,0,Y,,Y,Y,N,N,5,No single race is more than 50% of our audience,0,"1625 Broadway, Seattle, WA 98122","(47.6157581, -122.321786)"
Seattle Conservatory of Music,(206) 632-6715,www.seattleconservatory.org,1000,Wedgwood,Y,Performance,Music,,2000,R,1905,1993,1,0,0,,,,,,,,,,,N,0,Y,7,Y,N,N,N,5,No single race is more than 50% of our audience,,"3819 NE 73rd St, Seattle, WA 98115","(47.68109645, -122.2864599)"
Seattle Conservatory of Music at Greenlake Methodist Church,(206) 632-6715,www.seattleconservatory.org,,Green Lake,Y,Performance,Music,,2000,R,,1993,1,1,,,,,,,,,,,,N,0,Y,,Y,N,N,N,5,No single race is more than 50% of our audience,,"6415 1st Ave NE Seattle, WA 98115","(47.6757242, -122.3284705)"
Seattle Conservatory of Music at Seattle Pacific University,(206) 632-6715,www.seattleconservatory.org,,Fremont,Y,Performance,Music,,2000,R,,1993,1,1,250,,,,,,,,,,,N,0,Y,100,Y,N,N,N,5,No single race is more than 50% of our audience,,"3307 3rd Ave West, Seattle, WA 98119","(47.6489942, -122.3617027)"
Seattle Public Theater,(206) 524-1300,www.seattlepublictheater.org,2400,Green Lake,Y,Performance,,,2001,R,1928,1988,0,1,165,,,,,,,,,,,N,0,Y,0,N,N,N,Y,4,White,,"7312 Green Lake Trail, Seattle, WA 98103","(47.67813345, -122.3386877)"
Showbox SODO,(206) 628-3151,www.showboxpresents.com,22000,SODO,N,Performance,Music,,2007,R,,2007,0,1,1800,,,,,,,,,,,N,0,Partial,16,Y,N,Y,N,1,No single race is more than 50% of our audience,2022,"1700 1st Ave South Seattle, WA 98134","(47.5878916, -122.3339403)"
Skylark Café & Club,(206) 935-2111,www.skylarkcafe.com,2200,West Seattle,N,Performance,Visual,Music,2006,R,1903,2012,0,0,80,,,,,,,,,,,Y,400,Y,20,Y,N,Y,N,5,White,2024,"3803 Delridge Way SW, Seattle, WA 98106","(47.5700038, -122.3625235)"
Spectrum Dance Theater,(206) 325-4161,www.spectrumdance.org,4000,Madrona,Y,Performance,,,1980,R,1900,1980,0,1,85,,,,,,,,,,,,,N,0,Y,Y,N,Y,5,White,0,"800 Lake Washington Blvd, Seattle, WA 98122","(47.6101337, -122.2825706)"
St Rigsby and His Amazing Silhouettes,,www.corykelleycreative.com/sgtrigsby,46,Central District,Y,Performance,,,2012,R,,1998,4,0,0,,,,,,,,,,,N,0,N,0,N,N,N,N,3,White,It's month to month.,,
STG Moore Theatre,(206) 467-5510,www.stgpresents.org/moore,30080,Belltown,Y,Performance,,,1992,R,1907,1991,1,1,1804,,,,,,,,,,,N,0,Y,0,Y,Y,Y,Y,5,No single race is more than 50% of our audience,,"1932 2nd Ave, Seattle, WA 98101","(47.6113032, -122.340846)"
STG Neptune Theatre,(206) 682-1414,www.stgpresents.org/neptune,16854,University District,Y,Performance,,,2010,R,1921,1991,1,1,850,,,,,,,,,,,N,0,Y,0,Y,Y,Y,Y,5,No single race is more than 50% of our audience,,"1303 NE 45th St, Seattle, WA 98105","(47.6609714, -122.3138972)"
STG Paramount Theatre,(206) 902-5500,www.stgpresents.org/paramount,112297,Downtown,Y,Performance,,,1991,O,1928,1991,0,1,2804,,,,,,,,,,,N,0,Y,0,Y,Y,Y,Y,5,No single race is more than 50% of our audience,0,"911 Pine St, Seattle, WA 98101","(47.6132437, -122.331356)"
Stone Soup Theatre,(206) 388-9212,www.stonesouptheatre.org,980,Fremont,Y,Performance,,,2008,R,,1996,1,1,50,,,,,,,,,,,N,0,Partial,0,Y,Y,N,N,3,White,It's month to month.,"4029 Stone Way N, Seattle, WA 98103","(47.6561433, -122.3426065)"
Taproot Theatre,(206) 781-9707,www.taproottheatre.org,22000,Greenwood,Y,Performance,,,1997,O,1930,1976,3,2,346,,226,,120,,,,,,,N,0,Y,1,Y,,Y,Y,5,White,0,"204 N 85th St, Seattle, WA 98103","(47.6908412, -122.3562513)"
Teatro ZinZanni,(206) 802-0015,www.zinzanni.com/seattle,23000,Lower Queen Anne,Y,Performance,Arts Ed,,2006,R,2006,1998,2,1,285,,,,,,,,,,,N,0,Y,0,Y,N,Y,N,4,Two or more races,2015,"222 Mercer St, Seattle, WA 98109","(47.6249259, -122.3518443)"
The Market Theater,(206) 587-2414,www.unexpectedproductions.org,4000,Downtown,Y,Performance,,,1991,R,1890,1983,4,1,220,,,,,,,,,,,,,Y,0,Y,Y,Y,Y,5,No single race is more than 50% of our audience,2023,"1428 Post Alley, Seattle, WA 98101","(47.6098589, -122.3417416)"
Theater Schmeater,(206) 324-5801,www.schmeater.org,3000,Belltown,Y,Performance,,,,R,2008,1991,1,1,48,,,,,,,,,,,Y,,Y,0,Y,Y,,Y,3,White,2018,"1500 Summit Ave, Seattle, WA 98122","(47.614211, -122.325396)"
Theatre Off Jackson,(206) 340-1049,www.theatreoffjackson.org,16000,International District,Y,Performance,,,2005,R,1915,2005,0,2,285,,145,,140,,,,,,,,,Y,0,Y,Y,Y,Y,1,White,2014,"409 7th Ave S, Seattle, WA 98104","(47.5988665, -122.3239595)"
Trinity Parish Church,(206) 332-7908,www.theatre912.com,2000,First Hill,N,Performance,,,2009,R,,2007,1,1,99,,,,,,,,,,,N,0,Y,200,Y,N,N,N,4,White,,"609 8th Ave Seattle, WA 98104","(47.6052251, -122.3262281)"
Tula's,(206) 443-4221,www.tulas.com,3000,Belltown,N,Performance,Music,,1993,R,1950,1993,0,1,96,,,,,,,,,,,N,0,,0,Y,N,Y,N,3,No single race is more than 50% of our audience,2014,"2214 2nd Ave, Seattle, WA 98121","(47.6136108, -122.3444191)"
Unified Outreach Youth Arts,(206) 371-1139,www.unifiedoutreach.com,4480,West Seattle,Y,Performance,Visual,Cinema,2003,R,1950,1999,1,0,0,,,,,,,,,,,Y,100,Partial,20,N,N,N,N,4,Black or African American,2017,"4401 42nd Ave SW Seattle, WA 98116","(47.56452925, -122.3858692)"
University of Washington Glenn Hughes Penthouse Theatre,(206) 543-5140,www.depts.washington.edu/uwdrama/performances/venues.shtml,3000,University District,,Performance,,,1938,Other,1939,1937,0,1,160,,,,,,,,,,,N,0,Partial,,Y,N,N,N,5,Two or more races,0,"17th Avenue NE and NE 45th St Seattle, WA 98145","(47.658765, -122.3178929)"
University of Washington Hutchison Hall,(206) 543-5140,www.depts.washington.edu/uwdrama/performances/venues.shtml,52000,Universtiy District,,Performance,,,1938,Other,1927,1937,0,3,200,,75,,75,,50,,,,,N,0,Partial,,Y,N,N,N,5,Two or more races,0,"NE Pacific St, Seattle, WA 98195","(47.6536581, -122.3168679)"
University of Washington Jones Playhouse,(206)543-4880,www.depts.washington.edu/uwdrama/performances/venues.shtml,8000,University District,,Performance,,,1938,Other,1930,1937,0,1,180,,,,,,,,,,,N,0,Partial,,Y,N,N,N,5,Two or more races,0,"4045 University Way NE Seattle, WA 98105","(47.6566657, -122.3135544)"
Vachon Gallery,(206) 296-2340,www.seattleu.edu/artsci/departments/fine-arts/venues/vachon,2000,First Hill,Y,Performance,Visual,,2008,O,1910,2008,0,0,0,,,,,,,,,,,Y,,Y,,N,Y,Y,N,5,White,0,"1000 E. Madison St Seattle, WA 98122","(47.61205715, -122.3191481)"
Velocity Dance Center,(206) 325-8773,www.velocitydancecenter.org,5000,Capitol Hill,Y,Performance,Arts Ed,,2010,R,,1995,2,1,98,,,,,,,,,,,N,0,Y,0,Y,Y,N,Y,5,No single race is more than 50% of our audience,2018,"1621 12th Ave, Seattle, WA 98122","(47.6156632, -122.3171739)"
Volunteer Park Ampitheater,(206) 684-4080,www.seattle.gov/parks/parkspaces/volpark.htm,400,Capitol Hill,,Performance,,,,O,,,0,1,,,,,,,,,,,,N,0,,50,,Y,N,N,5,,0,"1247 15th Ave E, Seattle, WA 98112","(47.6320524, -122.3127683)"
Washington Ensemble Theatre,(206) 325-5105,www.washingtonensemble.org,800,Capitol Hill,Y,Performance,,,2003,R,,2003,0,1,49,,,,,,,,,,,Y,,N,0,Y,Y,Y,Y,4,White,It's month to month.,"608 19th Ave E, Seattle, WA 98112","(47.6247086, -122.307185)"
Northwest Puppet Center/ Carter Family Marionettes Maple Leaf,(206) 523-2579,www.nwpuppet.org,4000,Maple Leaf,Y,Performance,Puppetry,,1993,O,1929,1984,2,1,220,,,,,,,,,,,Y,2000,Partial,0,Y,N,Y,Y,5,,0,9123 15th Ave NE Seattle WA 98115,"(47.69556835, -122.3124687)"
4Culture in Tashiro Kaplan,(206) 296-7580,www.4culture.org,,Pioneer Square,,Service,Public Funder,,2005,R,1919,1967,2,0,0,,,,,,,,,,,Y,1000,Y,0,Y,Y,Y,N,5,Two or more races,2034,"101 Prefontaine Pl S Seattle, WA 98104","(47.6014352, -122.3300625)"
ALTspace,(206) 424-7863,www.airlighttimespace.org,2500,Central District,Y,Studios,,,2010,R,1910,2011,0,0,0,,,,,,,,,,,N,0,,0,Y,N,N,N,4,White,2015,"2318 E Cherry St Seattle, WA 98122","(47.6081565, -122.3018854)"
AudioLogic,(206) 817-8760,www.audiologicinc.com,1450,Lake City,N,Studios,,,1993,R,1935,1993,0,0,0,,,,,,,,,,,N,0,,0,,N,N,N,2,No single race is more than 50% of our audience,None,"12047 31st Ave NE, Seattle, WA 98125","(47.7170286, -122.2955694)"
Avalon Glassworks,(206) 937-6369,www.avalonglassworks.com,1300,West Seattle,N,Studios,,,2002,R,1922,1992,0,0,0,,,,,,,,,,,Y,550,N,1,Y,N,N,N,4,White,None,"2914 SW Avalon Way, Seattle, WA 98126","(47.5707566, -122.3710219)"
Inscape Building,(206) 458-2716,www.inscapearts.org,77000,International District,N,Studios,,,2010,O,1930,2010,0,1,100,,,,,,,,,,,Y,600,Y,22,Y,Y,N,N,5,White,0,"815 Seattle Blvd S, Seattle, WA 98134","(47.59511695, -122.3270859)"
Tryptos Studio Collective,(206) 783-6997,www.artisttrust.org,1600,Ballard,,Studios,,,2002,R,1911,2002,0,0,0,,,,,,,,,,,Y,300,N,0,N,N,Y,N,4,No single race is more than 50% of our audience,It's month to month.,"5227 Leary Ave NW  Seattle, WA 98107","(47.6661353, -122.3818674)"
57 Biscayne,,www.57biscayne.com,5712,Pioneer Square,N,Visual,Studio,Multi-use,2011,R,1890,2011,0,0,0,,,,,,,,,,,Y,400,N,0,N,N,N,N,3,White,2026,"110 Cherry St #200, Seattle, WA 98104","(47.6028497, -122.3338684)"
A/NT Gallery,(206) 233-0680,www.antgallery.org,3280,South Lake Union,Y,Visual,,,1993,R,1920,1988,1,0,0,,,,,,,,,,,Y,3280,Partial,0,Y,Y,N,N,2,White,2015,"2045 Westlake Ave, Seattle, WA 98121","(47.6158592, -122.338453)"
Alki Arts,(206) 432-9936,www.alkiarts.com,6000,Downtown,N,Visual,,,2012,R,,2009,2,0,0,,,,,,,,,,,Y,6000,,0,Y,Y,Y,N,2,No single race is more than 50% of our audience,2014,"55 University Seattle, WA 98101","(47.6060923, -122.3395432)"
Art Xchange Gallery,(206) 839-0377,www.artxchange.org,2000,Pioneer Square,N,Visual,,,2005,O,,1995,2,0,0,,,,,,,,,,,Y,,Y,4,Y,Y,N,N,4,No single race is more than 50% of our audience,0,"512 1st Ave S, Seattle, WA 98104","(47.5979017, -122.3339034)"
Avanti Art and Design/Avanti Co-Op Gallery,(206) 784-8475,www.avantiartdesign.org,1500,Phinney Ridge,,Visual,Multi-use,,2012,R,1920,2011,1,0,0,,,,,,,,,,,Y,1100,,2,Y,Y,N,N,4,Two or more races,10,"7601 Greenwood Ave N #101, Seattle, WA 98103","(47.6841406, -122.3555094)"
Bherd Studios,(206) 234-8348,www.bherdstudios.com,1000,Greenwood,N,Visual,,,2011,R,,2006,2,0,0,,,,,,,,,,,,,N,20,N,N,N,N,2,No single race is more than 50% of our audience,2015,312 N. 85th St. Suite 101 Seattle WA 98103,"(47.69077345, -122.3549791)"
C Art Gallery in Artspace Hiawatha Lofts,(206) 322-9374,www.cartgallery.org,,Central District,N,Visual,,,2008,R,2008,2008,0,0,0,,,,,,,,,,,Y,600,Y,0,Y,Y,N,N,2,Black or African American,,"855 Hiawatha Pl S, Seattle, WA 98144","(47.594554, -122.3095312)"
Canlis Glass,(206) 282-4428,www.canlisglass.com,3500,Lower Queen Anne,N,Visual,Performance,Arts Ed,2005,R,1928,1996,0,0,0,,,,,,,,,,,Y,2000,Y,0,Y,Y,N,N,4,White,2015,"3131 Western Ave #329, Seattle, WA 98121","(47.6182617, -122.3577413)"
CoCA,(206) 728-1980,www.cocaseattle.org,4600,Georgetown,Y,Visual,,,2010,R,1983,1980,10,0,0,,,,,,,,,,,Y,4000,Y,295,N,N,N,Y,4,White,2013,"5701 6th Ave S #258, Seattle, WA 98108","(47.5514664, -122.3283134)"
Contactcreate,(206) 280-1230,www.contactcreate.com,1200,Beacon Hill,N,Visual,Music,Arts Ed,2011,O,1978,2012,0,0,0,,,,,,,,,,,N,0,Partial,5,N,N,N,N,4,No single race is more than 50% of our audience,0,"928 13th Ave, Seattle, WA 98122","(47.611258, -122.315128)"
Danaca Design,(206) 524-0916,www.danacadesign.com,1100,University,N,Visual,Arts Ed,Studios,2003,R,1902,2001,1,0,0,,,,,,,,,,,Y,64,Partial,0,Y,N,N,N,1,White,None,"5619 University Way NE, Seattle, WA 98105","(47.6701069, -122.313258)"
Echo Echo Gallery,(206) 633-1236,www.echoechogallery.com,3000,Greenwood,N,Visual,,,2010,R,,2007,0,0,0,,,,,,,,,,,Y,600,N,0,Y,Y,Y,N,3,No single race is more than 50% of our audience,It's month to month.,"8537 Greenwood Ave N Seattle, WA 98103","(47.6916342, -122.3557113)"
Edd Cox Fine Art,(206) 682-4046,www.eddcoxfineart.com,4500,Pioneer Square,N,Visual,Arts Ed,Live/Work,2010,R,1900,1978,4,0,0,,,,,,,,,,,Y,1500,Y,0,Y,N,Y,N,3,White,2017,"313 1st Ave S, Seattle, WA 98104","(47.5995772, -122.3345636)"
Form/Space Atelier,(206) 349-2509,www.formspaceatelier.com,333,Belltown,N,Visual,,,2006,R,1905,2006,1,1,12,,,,,,,,,,,N,0,Partial,0,Y,Y,N,N,2,No single race is more than 50% of our audience,It's month to month.,"2407 1st Ave, Seattle, WA 98121","(47.6142042, -122.348419)"
Foster/White Gallery,(206) 622-2833,www.fosterwhite.com,10000,Pioneer Square,N,Visual,,,2005,O,1904,1973,2,0,0,,,,,,,,,,,,,Y,0,Y,N,N,N,5,No single race is more than 50% of our audience,0,"220 3rd Ave S, Seattle, WA 98104","(47.6002759, -122.3299406)"
Fountainhead Gallery,(206) 285-4467,www.fountainheadgallery.com,2100,Queen Anne,N,Visual,,,1996,R,1927,1996,0,0,0,,,,,,,,,,,Y,1500,Partial,0,Y,N,Y,N,4,White,2021,"625 W McGraw St, Seattle, WA 98119","(47.6394417, -122.3660888)"
Frame Central/North West Framing,(206) 720-2054,www.framecentral.com,700,Capitol Hill,,Visual,,,2011,Other,1900,2011,1,0,0,,,,,,,,,,,Y,700,N,0,Y,N,N,N,4,No single race is more than 50% of our audience,0,"901 E Pike St Seattle, WA 98122","(47.613902, -122.3203375)"
Gage Academy of Art,(206) 323-4243,www.gageacademy.org,18000,Capitol Hill,Y,Visual,Arts Ed,,2004,R,1925,1989,2,1,,,,,,,,,,,,Y,400,N,180,Y,N,Y,Y,3,White,2013,"1501 10th Ave East, #101 Seattle, WA 98102","(47.6325497, -122.3206894)"
Gallery 110 in Tashiro Kaplan,(206) 624-9336,www.gallery110.wordpress.com,,Pioneer Square,Y,Visual,,,2009,R,1902,2002,1,0,0,,,,,,,,,,,,,Y,0,Y,,Y,N,5,No single race is more than 50% of our audience,2014,"110 3rd Ave S, Seattle, WA 98104","(47.6012598, -122.330003)"
Gallery Context,(206) 553-9437,www.gallerycontext.wordpress.com,3000,Georgetown,,Visual,Multi-use,,2011,R,1977,2012,1,0,0,,,,,,,,,,,Y,3000,Y,50,N,N,N,N,2,No single race is more than 50% of our audience,,"5701 Sixth Ave South Seattle, WA 98108","(47.5514664, -122.3283134)"
Gallery IMA,(206) 625-0055,www.galleryima.com,3658,Pioneer Square,N,Visual,,,2006,O,1902,2006,6,0,0,,,,,,,,,,,Y,3658,,2,Y,Y,N,N,3,White,0,"123 S Jackson St, Seattle, WA 98104","(47.5989643, -122.3331035)"
Georgetown Trailer Park Mall,(206) 767-0331,www.georgetowntrailerpark.com,3000,Georgetown,Y,Visual,Performance,Cinema,2011,R,,2009,1,1,,,,,,,,,,,,Y,200,,12,,Y,N,N,3,No single race is more than 50% of our audience,It's month to month.,"5805 Airport Way S, Seattle, WA 98108","(47.55059151, -122.3183935)"
Ghost Gallery,(206) 832-6063,www.ghostgalleryart.com,900,Capitol Hill,N,Visual,,,2010,R,1926,2006,1,0,0,,,,,,,,,,,Y,800,Y,0,N,N,N,N,3,White,It's month to month.,"504 E Denny Way Seattle, WA 98122","(47.6186813, -122.3249251)"
Grover Thurston Gallery,(206) 223-0816,www.groverthurston.com,1500,Pioneer Square,N,Visual,,,2010,R,1910,1989,2,0,0,,,,,,,,,,,Y,1500,Partial,0,Y,N,N,N,4,White,,"319 3rd Ave S, Seattle, WA 98104","(47.5994156, -122.3305147)"
Kate Alkarni Gallery,(206) 453-0043,www.katealkarnigallery.com,1500,Georgetown,N,Visual,,,2012,R,1968,2012,0,0,0,,,,,,,,,,,Y,1500,Y,,Y,N,Y,N,4,Two or more races,2014,"5701 6th Ave S, Atrium Suite 221 Seattle, WA 98108","(47.5514664, -122.3283134)"
Kinsey Gallery,(206) 296-2340,www.seattleu.edu/artsci/departments/fine-arts/venues/kinsey,150,First Hill,Y,Visual,Arts Ed,,2008,O,2009,2008,0,0,0,,,,,,,,,,,Y,,Y,0,Y,Y,Y,N,5,White,0,"824 12th Ave Seattle, WA 98122","(47.6100596, -122.3163837)"
Krab Jab Studio,(206) 715-8593,www.krabjabstudio.com,946,Georgetown,N,Visual,Studios,,2009,R,1893,2011,2,0,0,,,,,,,,,,,Y,400,,25,N,Y,N,N,4,No single race is more than 50% of our audience,2014,"5628 Airport Way South, Ste 246 Seattle, WA  98108","(47.5515231, -122.3186879)"
L x W x H,(206) 697-5156,www.lengthbywidthbyheight.com,404,Georgetown,N,Visual,,,2012,R,1907,2010,0,0,0,,,,,,,,,,,Y,404,N,0,Y,N,N,N,5,,2014,"6007 12th Ave S, Seattle, WA 98108","(47.5488654, -122.3174654)"
Lisa Harris Gallery,(206) 443-3315,www.lisaharrisgallery.com,1100,Downtown,N,Visual,,,1984,R,1910,1984,0,0,0,,,,,,,,,,,Y,1000,N,0,Y,N,N,N,3,White,2017,"1922 Pike Pl, Seattle, WA 98101","(47.6083293, -122.3408128)"
MIA Gallery,(206) 467-4927,www.m-i-a-gallery.com,682,Downtown,N,Visual,,,2011,R,,1990,0,0,0,,,,,,,,,,,,,Y,0,Y,N,Y,N,3,No single race is more than 50% of our audience,2014,"1203 2nd Ave, Seattle, WA 98101","(47.6066246, -122.3369157)"
Miller School of Art,(206) 861-9265,www.millerschoolart.com,1738,Georgetown,N,Visual,,,2009,R,1929,2003,1,0,0,,,,,,,,,,,Y,1500,,0,Y,Y,N,N,3,White,2020,"1226 S Bailey St, Seattle, WA 98108","(47.5480284, -122.3164558)"
Municipal Tower Gallery,(206) 684-7171,www.seattle.gov/arts/publicart/municipal_tower.asp,625,Downtown,,Visual,,,2003,Other,1990,1970,3,0,0,,,,,,,,,,,Y,625,Y,0,Partial,N,N,Y,5,,0,"700 Fifth Ave, 3rd Level Seattle, WA 98104","(47.60501625, -122.3295729)"
New Foundation,(206) 512-7247,www.thenewest.org,500,Central District,Y,Visual,,,2012,R,1919,2011,0,0,0,,,,,,,,,,,N,0,Partial,,Y,N,N,N,5,White,2014,"123 3rd Ave S Seattle, WA 98104","(47.6010492, -122.3305215)"
Northwest Woodworkers Gallery,(206) 625-0542,www.nwwoodgallery.com,4000,Belltown,Y,Visual,,,2011,R,,1980,4,0,0,,,,,,,,,,,Y,4050,N,0,Y,N,N,N,3,White,2015,"2111 1st Ave, Seattle, WA 98121","(47.6119449, -122.344463)"
Photographic Center Northwest,(206) 720-7222,www.pcnw.org,10440,Capitol Hill,Y,Visual,Arts Ed,,1997,O,1923,1983,3,0,0,,,,,,,,,,,Y,343,Y,25,Y,N,N,Y,2,White,0,"900 12th Ave, Seattle, WA 98122","(47.61056225, -122.3163719)"
Platform Gallery in Tashiro Kaplan,(206) 323-2808,www.platformgallery.com,,Pioneer Square,N,Visual,,,2004,R,1900,2004,0,0,0,,,,,,,,,,,Y,800,Partial,0,Y,N,N,N,5,White,,"114 3rd Ave S, Seattle, WA 98104","(47.601161, -122.3300592)"
Pound Arts,(206) 323-0557,www.poundarts.com,5000,Capitol Hill,,Visual,,,1988,R,1925,1988,0,0,0,,,,,,,,,,,Y,500,,0,N,Y,N,N,3,No single race is more than 50% of our audience,It's month to month.,"1216 10th Ave Seattle, WA 98122","(47.6127484, -122.3192097)"
Pratt Fine Arts Center,(206) 328-2200,www.pratt.org,17021,Central District,Y,Visual,Arts Ed,,1976,Other,1920,1976,0,0,0,,,,,,,,,,,Y,350,Partial,50,Y,N,N,Y,4,White,2026,"1902 S Main St Seattle, WA 98144","(47.6002536, -122.2949954)"
Push/Pull,,www.pushpullstudio.com,350,Greenwood,Y,Visual,,,2012,R,1929,2012,0,0,0,,,,,,,,,,,Y,350,N,0,N,Y,N,N,3,No single race is more than 50% of our audience,2014,,
Q,(206) 352-2525,www.qcafe.org,2500,Interbay,Y,Visual,Music,,2002,R,1977,2002,0,0,0,,,,,,,,,,,Y,100,,0,Y,Y,N,N,3,White,2014,"3223 15th Ave W, Seattle, WA 98119","(47.64922085, -122.3770904)"
RE Welch Gallery,(206) 264-8141,www.rewelch.com,2000,Downtown,N,Visual,,,2007,R,1940,2006,0,0,0,,,,,,,,,,,Y,2000,Partial,,Y,N,Y,N,4,No single race is more than 50% of our audience,2016,"1214 1st Ave, Seattle, WA 98101","(47.6065659, -122.3374584)"
Reel Grrls,(206) 323-0693,www.reelgrrls.org,3000,Central District,Y,Visual,Arts Ed,,2008,R,1927,2000,5,0,0,,,,,,,,,,,N,0,Y,0,Y,N,N,Y,2,No single race is more than 50% of our audience,It's month to month.,"1409 21st Ave, Seattle, WA 98122","(47.6131504, -122.3051798)"
RxsRKives Studio,,www.rxsrkives.com,2400,Mount Baker,N,Visual,,,1988,O,1900,1979,3,0,0,,,,,,,,,,,N,0,N,1,Y,N,N,N,1,No single race is more than 50% of our audience,0,,
Seattle ArtREsource,(206) 838-2695,www.seattleartresource.com,2500,Pioneer Square,N,Visual,,,2006,O,1905,2006,1,0,0,,,,,,,,,,,Y,2500,N,8,Y,N,N,N,5,No single race is more than 50% of our audience,0,"625 1st Ave #200, Seattle, WA 98104","(47.6024431, -122.3344096)"
Steinbrueck Native Gallery,(206) 441-3821,www.steinbruecknativegallery.com,1500,Belltown,N,Visual,,,2006,R,1992,2006,0,0,0,,,,,,,,,,,Y,,Y,0,Y,,N,N,4,No single race is more than 50% of our audience,0,"2030 Western Ave, Seattle, WA 98121","(47.6112287, -122.3444605)"
Suyama Space,(206) 256-0809,www.suyamaspace.org,1428,Belltown,Y,Visual,,,1998,R,1890,1998,0,0,0,,,,,,,,,,,Y,1428,Y,0,N,N,Y,Y,5,No single race is more than 50% of our audience,0,"2324 2nd Ave, Seattle, WA 98121","(47.6147031, -122.3463627)"
Tasty Gallery,(206) 706-3020,www.shoptastyart.com,1000,Greenwood,N,Visual,,,2009,R,,2009,0,0,0,,,,,,,,,,,Y,1000,,0,Y,N,N,N,3,White,It's month to month.,"7513 Greenwood Ave N, Seattle, WA 98103","(47.683737, -122.3555197)"
The Legacy Ltd,(206) 624-6350,www.thelegacyltd.com,1250,Downtown,N,Visual,,,1982,R,1892,1932,2,0,0,,,,,,,,,,,Y,800,Partial,0,Y,N,N,N,3,No single race is more than 50% of our audience,2015,"1003 1st Ave, Seattle, WA 98104","(47.6048267, -122.336745)"
Traver Gallery,(206) 587-6501,www.travergallery.com,5000,Downtown,N,Visual,Arts Ed,,1992,R,,1976,2,0,0,,,,,,,,,,,Y,5000,Y,0,Y,N,Y,N,5,Two or more races,,"110 Union St #200, Seattle, WA 98101","(47.6080964, -122.3388114)"
True Love Art Gallery,(206) 227-3572,www.trueloveart.com,1500,Capitol Hill,N,Visual,Multi-use,,2011,R,1960,2010,0,0,0,,,,,,,,,,,Y,1500,N,0,Y,N,Y,N,3,White,2016,"1525 Summit Ave, Seattle, WA 98122","(47.6149584, -122.3257242)"
Twilight Artist Collective,(206) 933-2444,www.twilightart.net,1100,West Seattle,N,Visual,,,2006,R,1900,2012,0,0,48,,,,,,,,,,,Y,360,,0,Y,Y,N,N,4,White,2018,"306 SW Alaska St, Seattle, WA 98116","(47.5610855, -122.3854525)"
Vermillion Gallery,(206) 709-9797,www.vermillionseattle.com,2100,Capitol Hill,N,Visual,Multi-use,,2008,R,1906,2008,0,0,0,,,,,,,,,,,Y,600,Y,0,Y,N,Y,N,4,No single race is more than 50% of our audience,2016,"1508 11th Ave, Seattle, WA 98122","(47.6144145, -122.3179029)"
Vetri Glass Gallery,(206) 667-9608,www.vetriglass.com,1500,Downtown,N,Visual,,,2004,O,1950,2004,1,0,0,,,,,,,,,,,Y,1500,Y,0,Y,N,N,N,4,No single race is more than 50% of our audience,2017,"1404 1st Ave, Seattle, WA 98101","(47.6081315, -122.3390359)"
Wing Luke Museum,(206) 623-5124,www.wingluke.org,58000,International District,Y,Visual,Arts Ed,Heritage,2007,O,1910,1967,2,1,59,,,,,,,,,,,Y,1090,Y,0,Y,N,N,Y,5,Asian and Pacific Islander,0,"719 S King St, Seattle, WA 98104","(47.598586, -122.3229832)"
Woodside/Braseth Gallery,(206) 622-7243,www.woodsidebrasethgallery.com,4200,South Lake Union,N,Visual,,,2003,R,1920,1959,4,0,0,,,,,,,,,,,Y,4200,,0,Y,N,N,N,1,White,2014,"2101 9th Ave, Seattle, WA 98121","(47.6171641, -122.3374413)"
Davidson Galleries,(206) 624-7684,www.davidsongalleries.com,4134,Pioneer Square,N,Visual,,,1986,R,1896,1973,7,0,0,,,,,,,,,,,Y,3125,Partial,0,Y,N,Y,N,4,White,,"313 Occidental Ave S, Seattle, WA 98104","(47.5995312, -122.3331168)"
Greg Kucera Gallery,(206) 624-0770,www.gregkucera.com,8000,Pioneer Square,N,Visual,,,1998,O,1904,1983,1,0,0,,,,,,,,,,,,,N,3,Y,Y,Y,N,5,White,0,"212 3rd Ave S, Seattle, WA 98104","(47.6004217, -122.3298023)"
Henry Art Museum,(206) 543-2280,www.henryart.org,40000,University District,Y,Visual,,,1927,Other,1927,1927,0,1,150,,,,,,,,,,,Y,16004,Y,0,N,N,Y,Y,5,No single race is more than 50% of our audience,2017,"15th Ave NE, Seattle, WA 98105","(47.6539065, -122.3121096)"
Prographica Gallery,(206) 322-3851,www.prographicadrawings.com,1200,Madrona,N,Visual,,,2010,O,1918,2010,0,0,0,,,,,,,,,,,Y,1000,Y,,Y,Y,N,N,5,White,0,"3419 E Denny Way, Seattle, WA 98122","(47.6182086, -122.2880059)"
Roq La Rue Gallery,(206) 374-8977,www.roqlarue.com,1850,Pioneer Square,N,Visual,,,2012,R,1909,1998,4,0,0,,,,,,,,,,,Y,1200,,1,Y,N,,N,3,White,2016,"532 1st Ave S., Seattle, WA 98104","(47.5974306, -122.3339422)"
Seattle Art Museum Olympic Sculture Park,(206) 654-3100,www.seattleartmuseum.org/visit/OSP,392040,Downtown,Y,Visual,,,2007,O,2007,1933,0,1,300,,,,,,,,,,,Y,,Y,,Y,Y,Y,Y,5,No single race is more than 50% of our audience,0,"2901 Western Ave, Seattle, WA 98121","(47.6163466, -122.3538499)"
Winston Wachter Fine Art,(206) 652-5855,www.winstonwachter.com,4500,South Lake Union,N,Visual,,,1999,O,,1994,1,0,0,,,,,,,,,,,Y,4000,Y,6,Y,N,N,N,5,White,,"203 Dexter Ave N Seattle, WA 98109","(47.61989555, -122.3427626)"
Adefua Cultural Exchange Workshop,(206) 722-6602,www.planetafua.com,500,Rainier Valley,Y,Performance,Music,Arts Ed,1994,R,1905,1986,1,0,0,,,,,,,,,,,N,0,Partial,3,Y,N,N,N,3,No single race is more than 50% of our audience.,14-Sep,"6716 Rainier Ave S, Seattle, WA 98118","(47.5420331, -122.272057)"
Museum of Flight,(206) 764-5720,www.museumofflight.org,375000,Boeing Field,Y,Multi-use,,,2007,O,1914,1965,1,2,349,,279,,70,,,,,,,Y,200,Y,567,Y,N,Y,N,5,No single race is more than 50% of our audience.,,"9404 East Marginal Way S Seattle, WA 98108","(47.51842745, -122.2976981)"
Friends of KEXP,(206) 520-5800,www.kexp.org,6288,South Lake Union,Y,Music,,,2003,R,1945,2002,1,0,0,,,,,,,,,,,N,0,,19,Y,N,N,Y,3,Two or more races,"December 31, 2015","113 Dexter Ave North Seattle, WA 98109","(47.61908755, -122.3428109)"
Broadway Bound Children's Theatre,(206) 526-5437,www.broadwaybound.org,10000,University District,Y,Performance,Arts Ed,,2002,R,1908,1996,2,0,0,,,,,,,,,,,N,0,Y,101,Y,N,N,N,3,White,,"5031 University Way NE, Seattle, WA 98105","(47.6656768, -122.3136491)"
Pipsqueak,,www.pipsqueak.bandcamp.com,700,Central District,,Visual,Arts Ed,,2013,R,1910,2009,,1,12,,,,,,,,,,,Y,600,Partial,,Y,N,N,N,3,No single race is more than 50% of our audience.,2015,"173 16th Ave Seattle, WA 98122","(47.6034343, -122.3115241)"
Sundance Cinemas LLC-Sundance Seattle,(206) 633-0059,www.sundancecinemas.com/seattle_showtimes.html,12500,University District,N,Cinema,,,2013,R,,2006,5,10,,,,,,,,,,,,Y,70,Y,,Y,Y,Y,N,5,No single race is more than 50% of our audience. ,,"4500 9th Ave NE, Seattle, WA 98105","(47.6617428, -122.3180727)"
Jeffrey Moose Gallery,(206) 467-6951,www.jeffreymoosegallery.com,2400,Downtown,N,Visual,Music,,1995,R,1972,1992,2,0,0,,,,,,,,,,,Y,2000,Y,80,N,N,Y,N,2,No single race is more than 50% of our audience. ,It's month-to-month. ,"1333 5th Ave # 2, Seattle, WA 98101","(47.6091917, -122.3345412)"
Langston Hughes Performing Arts Institute,(206) 684-4757,www.langstoninstitute.org,30001,Central District,Y,Performance,Cinema,Music,1969,,1915,1969,0,1,300,,,,,,,,,,,N,0,Partial,45,Y,Y,Y,Y,5,Two or more races. ,,"104 17th Ave S, Seattle, WA 98144","(47.60129695, -122.3098251)"
Museum of History and Industry (MOHAI),(206) 324-1126,www.mohai.org,52000,South Lake Union,Y,Heritage,,,2011,O,1942,1914,1,2,100,,50,,50,,,,,,,Y,26000,Y,9,N,Y,N,Y,5,White,,"860 Terry Ave N, Seattle, WA 98109","(47.6275898, -122.3369252)"
Seattle Youth Symphony Orchestras (SYSO),(206) 362-2300,www.syso.org,2500,Northgate,Y,Music,Arts Ed,,1989,R,1960,1942,3,0,0,,,,,,,,,,,N,0,Y,8,Y,N,N,Y,5,No single race is more than 50% of our audience. ,2017,"11065 5th Ave NE, Suite A, Seattle, WA, 98125","(47.71056035, -122.3236524)"
Longhouse Media,(206) 387-2468,www.longhousemedia.org,800,Capitol Hill,Y,Multi-use,,,2007,R,1920,2005,1,2,300,,150,,150,,,,,,,N,0,Y,,Y,Y,N,Y,4,Native American and Alaska Native,,"1515 12th Ave, Seattle, WA 98122","(47.6144138, -122.317071)"
911 Media Arts Center,,,,,,,,,,,,,,,,,,,,,,,,,,,,,,,,,,,,,"909 NE 43rd St #206, Seattle, WA 98105","(47.6593651, -122.3180274)"
Admiral Theatre,,,,,,,,,,,,,,,,,,,,,,,,,,,,,,,,,,,,,"2343 California Ave SW, Seattle, WA 98116","(47.5819689, -122.3869421)"
Cornish College of the Arts-Beebe Building,,,,,,,,,,,,,,,,,,,,,,,,,,,,,,,,,,,,,"2014 9th Ave Seattle, WA 98121","(47.6167931, -122.3361846)"
Flatcolor Gallery,,,,,,,,,,,,,,,,,,,,,,,,,,,,,,,,,,,,,"77 S. Main St. Seattle, WA 98104","(47.5999356, -122.3353103)"
Ark Lodge Cinemas,,,,,,,,,,,,,,,,,,,,,,,,,,,,,,,,,,,,,"4816 Rainier Ave S, Seattle, WA 98118","(47.5589774, -122.2854237)"
Bryan Ohno Gallery,,,,,,,,,,,,,,,,,,,,,,,,,,,,,,,,,,,,,"521 S Main St, Seattle, WA 98104","(47.5999167, -122.3267574)"
Chop Suey,,,,,,,,,,,,,,,,,,,,,,,,,,,,,,,,,,,,,"1325 E Madison St, Seattle, WA 98122","(47.61351355, -122.3144437)"
Cornish College of the Arts- Main,,,,,,,,,,,,,,,,,,,,,,,,,,,,,,,,,,,,,"1000 Lenora St Seattle, WA 98121","(47.617963, -122.336148)"
Artforte Gallery,,,,,,,,,,,,,,,,,,,,,,,,,,,,,,,,,,,,,"307 Occidental Ave S, Seattle, WA 98104","(47.5998538, -122.3331316)"
Cornish College of the Arts-Kerry Hall/Poncho Hall,,,,,,,,,,,,,,,,,,,,,,,,,,,,,,,,,,,,,"710 E Roy St Seattle, WA 98102","(47.6253347, -122.3230672)"
Cornish College of the Arts- Notion,,,,,,,,,,,,,,,,,,,,,,,,,,,,,,,,,,,,,"1001 Lenora St Seattle, WA 98121","(47.6178924, -122.3357243)"
Cornish College of the Arts- Raisbeck Performance Hall,,,,,,,,,,,,,,,,,,,,,,,,,,,,,,,,,,,,,"2015 Boren Ave Seattle, WA 98121","(47.6178573, -122.3348113)"
East West Bookshop,,,,,,,,,,,,,,,,,,,,,,,,,,,,,,,,,,,,,"6500 Roosevelt Way NE, Seattle, WA 98115","(47.6760768, -122.3170608)"
ArtFX Studio Gallery,,,,,,,,,,,,,,,,,,,,,,,,,,,,,,,,,,,,,"420 N. 35th St. Seattle, WA 98103","(47.6513614, -122.3534984)"
Arts and Visually Impaired Audiences,,,,,,,,,,,,,,,,,,,,,,,,,,,,,,,,,,,,,"400 Harvard Ave. E. #202 Seattle, WA 98102","(47.6225212, -122.3215897)"
Art On The Ridge,,,,,,,,,,,,,,,,,,,,,,,,,,,,,,,,,,,,,"8005 Greenwood Ave N, Seattle, WA 98103","(47.6871653, -122.3554887)"
Bad Animals,,,,,,,,,,,,,,,,,,,,,,,,,,,,,,,,,,,,,"2212 4th Ave, Seattle, WA 98121","(47.6151383, -122.342923)"
Barnes & Noble- Westwood Village,,,,,,,,,,,,,,,,,,,,,,,,,,,,,,,,,,,,,"2600 SW Barton St Suite E-1
Seattle, WA 98126","(47.5220383, -122.3665674)"
Can Can,,,,,,,,,,,,,,,,,,,,,,,,,,,,,,,,,,,,,"94 Pike St, Seattle, WA 98101","(47.6088901, -122.3403628)"
Cornish College of the Arts- Annex,,,,,,,,,,,,,,,,,,,,,,,,,,,,,,,,,,,,,"1020 Virginia St, Seattle, WA 98101","(47.61760085, -122.3345624)"
Edge of Glass Gallery,,,,,,,,,,,,,,,,,,,,,,,,,,,,,,,,,,,,,"513 N 36th St # H, Seattle, WA 98103","(47.6513564, -122.3515985)"
Elliott Bay Recording Inc,,,,,,,,,,,,,,,,,,,,,,,,,,,,,,,,,,,,,"932 12th Ave, Seattle, WA 98122","(47.6113827, -122.3164132)"
Azuma Gallery,,,,,,,,,,,,,,,,,,,,,,,,,,,,,,,,,,,,," 530 1st Ave South Seattle, WA 98104 ","(47.5975149, -122.3339613)"
Blue Moon Tavern,,,,,,,,,,,,,,,,,,,,,,,,,,,,,,,,,,,,,"712 NE 45th St, Seattle, WA 98105","(47.6614953, -122.3199004)"
Cornish College of the Arts-Commons,,,,,,,,,,,,,,,,,,,,,,,,,,,,,,,,,,,,,"2002 9th Ave Seattle, WA 98101","(47.6166738, -122.335888)"
Degenerate Art Ensemble,,,,,,,,,,,,,,,,,,,,,,,,,,,,,,,,,,,,,"210 NW Bowdoin Pl Seattle, WA 98107 ","(47.6550814, -122.3596788)"
Eclectic Theater Company,(206) 679-3271,www.eclectictheatercompany.org,900,Capitol Hill,Y,Performance,,,2006,R,1910,2000,0,1,49,,,,,,,,,,,N,0,No,0,Y,Y,Y,N,3,White,2017,"1214 10th Ave, Seattle, WA 98122","(47.6126561, -122.3191571)"
Flury and Company,,,,,,,,,,,,,,,,,,,,,,,,,,,,,,,,,,,,,"322 1st Ave S, Seattle, WA 98104","(47.5993435, -122.3339158)"
Baltic Room,,,,,,,,,,,,,,,,,,,,,,,,,,,,,,,,,,,,,"1207 Pine St Seattle, WA 98101","(47.6149287, -122.3282665)"
Bemis Building,,,,,,,,,,,,,,,,,,,,,,,,,,,,,,,,,,,,,"55 South Atlantic St Seattle, WA 98134","(47.5900022, -122.3362466)"
Blindfold Gallery,,,,,,,,,,,,,,,,,,,,,,,,,,,,,,,,,,,,,"1718 E Olive Way, Seattle, WA 98102","(47.6200267, -122.3227112)"
Electrokitty Recordings,,,,,,,,,,,,,,,,,,,,,,,,,,,,,,,,,,,,,"4415 Densmore Ave N, Seattle, WA 98103","(47.66083775, -122.3376838)"
Flamenco Gitana,,,,,,,,,,,,,,,,,,,,,,,,,,,,,,,,,,,,,"9250 14th Ave NW, Seattle, WA 98117","(47.6973909, -122.3736435)"
George Center for Community,,,,,,,,,,,,,,,,,,,,,,,,,,,,,,,,,,,,,"2212 NE 125th St Seattle, WA 98125 ","(47.7199293, -122.3050328)"
Barnes & Noble- Downtown,,,,,,,,,,,,,,,,,,,,,,,,,,,,,,,,,,,,,"600 Pine St Suite 107 Seattle, WA 98101","(47.61287415, -122.3352762)"
Barsuk Records,,,,,,,,,,,,,,,,,,,,,,,,,,,,,,,,,,,,,"217 W. Galer St, Seattle, WA 98119","(47.6321308, -122.3599365)"
Cornish College of the Arts-Centennial Lab,,,,,,,,,,,,,,,,,,,,,,,,,,,,,,,,,,,,,"1000 Virginia St Seattle, WA 98101","(47.6174134, -122.3349055)"
Cornish College of the Arst-Main,,,,,,,,,,,,,,,,,,,,,,,,,,,,,,,,,,,,,"1000 Lenora St Seattle, WA 98121","(47.617963, -122.336148)"
Egan's Ballard Jam House,,,,,,,,,,,,,,,,,,,,,,,,,,,,,,,,,,,,,"1707 NW Market St, Seattle, WA 98107","(47.6685294, -122.3793357)"
Francine Seders Gallery,,,,,,,,,,,,,,,,,,,,,,,,,,,,,,,,,,,,,"6701 Greenwood Ave N, Seattle, WA 98103","(47.6779185, -122.3556352)"
Barnes & Noble-Northgate,,,,,,,,,,,,,,,,,,,,,,,,,,,,,,,,,,,,,"401 NE Northgate Way #1100 Seattle, WA 98125","(47.7083148, -122.3281769)"
Chihuly Garden and Glass ,,,,,,,,,,,,,,,,,,,,,,,,,,,,,,,,,,,,,"305 Harrison St, Seattle, WA 98109","(47.62056855, -122.350491)"
Electric Coffin Studio,,,,,,,,,,,,,,,,,,,,,,,,,,,,,,,,,,,,,"2629 NW Market St Seattle, WA 98107
","(47.66858144, -122.3907201)"
Feedback Lounge,,,,,,,,,,,,,,,,,,,,,,,,,,,,,,,,,,,,,"6451 California Ave SW, Seattle, WA 98136","(47.5451395, -122.3874303)"
Gallery 1412,,,,,,,,,,,,,,,,,,,,,,,,,,,,,,,,,,,,,"1412 18th Ave, Seattle, WA 98122","(47.6133227, -122.3086811)"
Central District Forum for Arts & Ideas,,,,,,,,,,,,,,,,,,,,,,,,,,,,,,,,,,,,,"1404 E Yesler Way #202, Seattle, WA 98122","(47.6019002, -122.3137703)"
De Cajon Project,,,,,,,,,,,,,,,,,,,,,,,,,,,,,,,,,,,,,,
Easy Street Records,,,,,,,,,,,,,,,,,,,,,,,,,,,,,,,,,,,,,"4559 California Ave SW, Seattle, WA 98116","(47.5614664, -122.3870841)"
Fremont Studios,,,,,,,,,,,,,,,,,,,,,,,,,,,,,,,,,,,,,"155 N 35th St, Seattle, WA 98103","(47.6514144, -122.3555957)"
Hanson Scott Gallery,,,,,,,,,,,,,,,,,,,,,,,,,,,,,,,,,,,,,"121 Prefontaine Pl S, Seattle, WA 98104","(47.6011373, -122.3295897)"
High Dive,,,,,,,,,,,,,,,,,,,,,,,,,,,,,,,,,,,,,"513 N 36th St, Seattle, WA 98103","(47.6513564, -122.3515985)"
Harvard Exit Theatre,,,,,,,,,,,,,,,,,,,,,,,,,,,,,,,,,,,,,"807 E Roy St, Seattle, WA 98102","(47.6250082, -122.3215822)"
Maritime Building,,,,,,,,,,,,,,,,,,,,,,,,,,,,,,,,,,,,,"911 Western Ave, Seattle, WA 98104","(47.60373015, -122.3373671)"
Patrician Cameron Gallery,,,,,,,,,,,,,,,,,,,,,,,,,,,,,,,,,,,,,"234 Dexter Ave N, Seattle, WA 98109","(47.6207093, -122.3420916)"
Pink Door,,,,,,,,,,,,,,,,,,,,,,,,,,,,,,,,,,,,,"1919 Post Alley, Seattle, WA 98101","(47.6102805, -122.3424974)"
Re-bar,,,,,,,,,,,,,,,,,,,,,,,,,,,,,,,,,,,,,"1114 Howell St, Seattle, WA 98101","(47.6167076, -122.3310756)"
Seattle Academy of Arts and Sciences,,,,,,,,,,,,,,,,,,,,,,,,,,,,,,,,,,,,,"1201 E Union St, Seattle, WA 98122","(47.6127129, -122.3163494)"
M. Rosetta Hunter Art Gallery - Seattle Central Community College,,,,,,,,,,,,,,,,,,,,,,,,,,,,,,,,,,,,,"1701 Broadway Seattle, WA 98122
","(47.6169084, -122.321152)"
Seattle Grip & Lighting,,,,,,,,,,,,,,,,,,,,,,,,,,,,,,,,,,,,,"1050 W Nickerson St, Seattle, WA 98119","(47.6547393, -122.3709909)"
Union Cultural Center,,,,,,,,,,,,,,,,,,,,,,,,,,,,,,,,,,,,,"803 South King St, Seattle, WA, 98104","(47.5982213, -122.322122)"
"HeART, the Gallery",,,,,,,,,,,,,,,,,,,,,,,,,,,,,,,,,,,,,"570 1st Ave S Seattle, WA 98104","(47.5963028, -122.3338311)"
Laundry Room Studio,,,,,,,,,,,,,,,,,,,,,,,,,,,,,,,,,,,,,,
Planet Afua,,,,,,,,,,,,,,,,,,,,,,,,,,,,,,,,,,,,,"6716 Rainier Ave S Seattle, WA 98118","(47.5420331, -122.272057)"
Howard House,,,,,,,,,,,,,,,,,,,,,,,,,,,,,,,,,,,,,"604 2nd Ave Seattle, WA 98104","(47.602619, -122.3323144)"
Nagomi Tea House,,,,,,,,,,,,,,,,,,,,,,,,,,,,,,,,,,,,,"519 6th Ave S #200, Seattle, WA 98104","(47.5977324, -122.326797)"
Sub Pop Records,,,,,,,,,,,,,,,,,,,,,,,,,,,,,,,,,,,,,"2013 4th Ave, Third Floor Seattle, WA, 98121","(47.6132461, -122.3409939)"
Rain City Rock Camp for Girls,(206) 659-5471 ,www.raincityrockcamp.org,1200,Central District,Y,Music,,,2014,R,1940,2008,2,0,0,,,,,,,,,,,N,0,N,0,Y,N,N,N,4,No single race is more than 50% of our audience. ,2016,"300 19th Ave Seattle, WA 98122","(47.6044443, -122.3074673)"
The Mix,,,,,,,,,,,,,,,,,,,,,,,,,,,,,,,,,,,,,"6006 12th Ave S, Seattle, WA 98108","(47.5488875, -122.3170869)"
Seven Gables Theatre,,,,,,,,,,,,,,,,,,,,,,,,,,,,,,,,,,,,,"911 NE 50th St, Seattle, WA 98105","(47.6647555, -122.3177085)"
Lucid,,,,,,,,,,,,,,,,,,,,,,,,,,,,,,,,,,,,,"5241 University Way NE, Seattle, WA 98105","(47.6676256, -122.3132962)"
Master Works,,,,,,,,,,,,,,,,,,,,,,,,,,,,,,,,,,,,,"2264 15th Ave W, Seattle, WA 98119","(47.64052875, -122.3758254)"
MLK Community Center-Ewajo Dance Center,,,,,,,,,,,,,,,,,,,,,,,,,,,,,,,,,,,,,"3201 E Republican St Seattle, WA 98112","(47.6230082, -122.2907548)"
Jupiter Studios,,,,,,,,,,,,,,,,,,,,,,,,,,,,,,,,,,,,,"4000 Wallingford Ave North, Seattle, WA 98103","(47.6558318, -122.3360715)"
Kirsten Gallery,,,,,,,,,,,,,,,,,,,,,,,,,,,,,,,,,,,,,"5320 Roosevelt Way NE, Seattle, WA 98105","(47.6677253, -122.3170573)"
Varsity Theatre,,,,,,,,,,,,,,,,,,,,,,,,,,,,,,,,,,,,,"4329 University Way NE, Seattle, WA 98105","(47.6607139, -122.3135097)"
AMC Pacific Place 11,,,,,,,,,,,,,,,,,,,,,,,,,,,,,,,,,,,,,"600 Pine St #400, Seattle, WA 98101","(47.61287415, -122.3352762)"
Seattle Scenic Studios,,,,,,,,,,,,,,,,,,,,,,,,,,,,,,,,,,,,,"2105 S Grand St, Seattle, WA 98144","(47.58682808, -122.3044908)"
Slim's Last Chance,,,,,,,,,,,,,,,,,,,,,,,,,,,,,,,,,,,,,"5606 1st Ave S, Seattle, WA 98108","(47.5524847, -122.3339033)"
WaMu Theater,,,,,,,,,,,,,,,,,,,,,,,,,,,,,,,,,,,,,"1000 Occidental Ave S, Seattle, WA 98134","(47.593601, -122.3334874)"
Young Shakespeare Workshop,,,,,,,,,,,,,,,,,,,,,,,,,,,,,,,,,,,,,"6523 California Ave SW, #214, Seattle WA, 98136","(47.5440812, -122.387428)"
Wing-It Productions and Jet City Improv at Historic University Theater,,,,,,,,,,,,,,,,,,,,,,,,,,,,,,,,,,,,,"5510 University Way NE, Seattle, WA 98105","(47.6688694, -122.3126674)"
Landmark Guild 45th,,,,,,,,,,,,,,,,,,,,,,,,,,,,,,,,,,,,,"2115 N 45th St, Seattle, WA 98103","(47.66112015, -122.3330128)"
Lo-Fi Performance Gallery,,,,,,,,,,,,,,,,,,,,,,,,,,,,,,,,,,,,,"429 Eastlake Ave E, Seattle, WA 98109","(47.6229209, -122.3293344)"
Makerhaus,,,,,,,,,,,,,,,,,,,,,,,,,,,,,,,,,,,,,"122 NW 36th St, Seattle, WA 98107","(47.6534516, -122.3585927)"
Regal Meridian 16,,,,,,,,,,,,,,,,,,,,,,,,,,,,,,,,,,,,,"1501 7th Ave, Seattle, WA 98101","(47.6117662, -122.3338683)"
Paragon,,,,,,,,,,,,,,,,,,,,,,,,,,,,,,,,,,,,,"2125 Queen Anne Ave N, Seattle, WA 98109","(47.6378686, -122.3571792)"
Pilchuck Glass School Office,,,,,,,,,,,,,,,,,,,,,,,,,,,,,,,,,,,,,"430 Yale Ave N, Seattle, WA 98109","(47.6228012, -122.3302142)"
Ravenna Third Place Books,,,,,,,,,,,,,,,,,,,,,,,,,,,,,,,,,,,,,"6504 20th Ave NE, Seattle, WA 98115","(47.6758662, -122.3063564)"
Southeast Seattle Community Youth Orchestra ,,,,,,,,,,,,,,,,,,,,,,,,,,,,,,,,,,,,,,
Seattle Arts & Lectures,,,,,,,,,,,,,,,,,,,,,,,,,,,,,,,,,,,,,"205 S. Findlay St, Seattle, WA 98108","(47.5524608, -122.3317069)"
Seattle Film Institute,(206) 568-4387,www.seattlefilminstitute.com,10000,Interbay,N,Arts Ed,,,2013,O,1974,1994,3,2,96,,48,,48,,,,,,,N,0,Y,6,Y,Y,N,N,5,No single race is more than 50% of our audience. ,,"3210 16th Ave W, Seattle, WA 98119","(47.64891855, -122.3771253)"
Seattle Music Partners,,,,,,,,,,,,,,,,,,,,,,,,,,,,,,,,,,,,,"4533 Sunnyside Ave N, Seattle, WA 98103","(47.6624428, -122.3304747)"
Stage One Theatre- North Seattle Community College,,,,,,,,,,,,,,,,,,,,,,,,,,,,,,,,,,,,,"9600 College Way N, Seattle, WA","(47.7030576, -122.3337619)"
Washington State Arts Alliance,,,,,,,,,,,,,,,,,,,,,,,,,,,,,,,,,,,,,"1204 Minor Ave, Seattle, WA 98101","(47.6115947, -122.3252001)"
West Seattle Community Orchestras,,,,,,,,,,,,,,,,,,,,,,,,,,,,,,,,,,,,,"2600 SW Thistle St Seattle, WA 98126","(47.528361, -122.366066)"
Nu Black Arts West Theatre ,,,,,,,,,,,,,,,,,,,,,,,,,,,,,,,,,,,,,,
Seattle Teaching Artist Network,,,,,,,,,,,,,,,,,,,,,,,,,,,,,,,,,,,,,,
Left Bank Books,,,,,,,,,,,,,,,,,,,,,,,,,,,,,,,,,,,,,"92 Pike St, Seattle, WA 98101","(47.6088801, -122.3403995)"
Northwest Choirs,,,,,,,,,,,,,,,,,,,,,,,,,,,,,,,,,,,,,"5031 University Way NE, #NB2 Seattle, WA 98105 ","(47.6656768, -122.3136491)"
Ostara Group,,,,,,,,,,,,,,,,,,,,,,,,,,,,,,,,,,,,,"7025 1st Ave NW, Seattle, WA 98117","(47.6803384, -122.3577114)"
"Seattle Pacific University McKinley Hall-Kreider Art Gallery, E.E. Bach Theater",,,,,,,,,,,,,,,,,,,,,,,,,,,,,,,,,,,,,"3307 3rd Ave West Seattle, WA 98119","(47.6489942, -122.3617027)"
Sisko Gallery,,,,,,,,,,,,,,,,,,,,,,,,,,,,,,,,,,,,,"3126 Elliot Ave, Seattle, WA 98121","(47.6183638, -122.3572268)"
Teen Tix at Seattle Center,,,,,,,,,,,,,,,,,,,,,,,,,,,,,,,,,,,,,"305 Harrison St Seattle, WA 98109","(47.62056855, -122.350491)"
Brechemin Auditorium- University of Washington,,,,,,,,,,,,,,,,,,,,,,,,,,,,,,,,,,,,,,
Linda Hodges Gallery,,,,,,,,,,,,,,,,,,,,,,,,,,,,,,,,,,,,,"316 1st Ave S, Seattle, WA 98104","(47.5994914, -122.3338236)"
New West Edition,,,,,,,,,,,,,,,,,,,,,,,,,,,,,,,,,,,,,"5142 47th Ave NE, Seattle, WA 98105","(47.6672369, -122.2770498)"
AMC Loews Oak Tree 6,,,,,,,,,,,,,,,,,,,,,,,,,,,,,,,,,,,,,"10006 Aurora Ave N, Seattle, WA 98133","(47.7018421, -122.3424979)"
Little Red Hen,,,,,,,,,,,,,,,,,,,,,,,,,,,,,,,,,,,,,"7115 Woodlawn Ave NE, Seattle, WA 98115","(47.6802289, -122.3248831)"
National Film Festival for Talented Youth (NFFTY),,,,,,,,,,,,,,,,,,,,,,,,,,,,,,,,,,,,,"1319 Dexter Ave N, Seattle, WA 98109","(47.63115945, -122.3426842)"
Rare Medium,,,,,,,,,,,,,,,,,,,,,,,,,,,,,,,,,,,,,"1321 E Pine St, Seattle, WA 98122","(47.6151142, -122.3145155)"
Sanctuary Art Center,,,,,,,,,,,,,,,,,,,,,,,,,,,,,,,,,,,,,"1604 NE 50th St, Seattle, WA 98105","(47.6652885, -122.3104377)"
Seattle Aquarium,,,,,,,,,,,,,,,,,,,,,,,,,,,,,,,,,,,,,"1483 Alaskan Way, Seattle, WA 98101","(47.6017992, -122.3366083)"
Seattle Fandango Project in El Centro De La Raza,,,,,,,,,,,,,,,,,,,,,,,,,,,,,,,,,,,,,"2524 16th Ave S, Seattle, WA 98144","(47.5803398, -122.3112978)"
Seattle JazzED,,,,,,,,,,,,,,,,,,,,,,,,,,,,,,,,,,,,,"3515 S Alaska St, Seattle, WA 98118","(47.5603914, -122.2880165)"
Tin Hat,,,,,,,,,,,,,,,,,,,,,,,,,,,,,,,,,,,,,"512 NW 65th St, Seattle, WA 98117","(47.6760806, -122.3629711)"
University Book Store,,,,,,,,,,,,,,,,,,,,,,,,,,,,,,,,,,,,,"4326 University Way NE, Seattle, WA 98105","(47.6604234, -122.3128196)"
Wilder Sound Studios,,,,,,,,,,,,,,,,,,,,,,,,,,,,,,,,,,,,,"3429 Airport Way S, Seattle, WA 98134","(47.5728531, -122.3231882)"
Nature Consortium,,,,,,,,,,,,,,,,,,,,,,,,,,,,,,,,,,,,,"4408 Delridge Way SW #107, Seattle, WA 98106","(47.56357765, -122.3630304)"
Seattle Music Partners,,,,,,,,,,,,,,,,,,,,,,,,,,,,,,,,,,,,,"4533 Sunnyside Ave N, Seattle, WA 98103","(47.6624428, -122.3304747)"
Seward Park Clay Studio,,,,,,,,,,,,,,,,,,,,,,,,,,,,,,,,,,,,,"5900 Lake Washington Blvd S, Seattle, WA 98118","(47.5494855, -122.2518888)"
501 Commons,,,,,,,,,,,,,,,,,,,,,,,,,,,,,,,,,,,,,"510 2nd Ave W, Seattle, WA 98119","(47.6236732, -122.3590953)"
Meany Hall-University of Washington,,,,,,,,,,,,,,,,,,,,,,,,,,,,,,,,,,,,,,
You Grow Girl,,,,,,,,,,,,,,,,,,,,,,,,,,,,,,,,,,,,,"12000 15th Ave NE, Suite A Seattle, WA 98125","(47.7160327, -122.3122305)"
Heartland,,,,,,,,,,,,,,,,,,,,,,,,,,,,,,,,,,,,,"5306 Roosevelt Way NE Seattle, WA 98105","(47.66739015, -122.3170984)"
New Orleans Creole Restaurant,,,,,,,,,,,,,,,,,,,,,,,,,,,,,,,,,,,,,"114 First Ave S, Seattle, WA 98104","(47.5965162, -122.3341906)"
Northwest Tap Connection,,,,,,,,,,,,,,,,,,,,,,,,,,,,,,,,,,,,,"8732 Rainier Ave S, Seattle, WA 98118","(47.5243382, -122.2695039)"
Stonington Gallery,,,,,,,,,,,,,,,,,,,,,,,,,,,,,,,,,,,,,"125 S Jackson St, Seattle, WA 98104","(47.5989184, -122.3331591)"
we.app,,,,,,,,,,,,,,,,,,,,,,,,,,,,,,,,,,,,,"3401 Rainier Ave South Seattle, WA 98144","(47.5725695, -122.2943649)"
Cleopatra Park Audio Recording,,,,,,,,,,,,,,,,,,,,,,,,,,,,,,,,,,,,,,
Urban Wilderness Project,,,,,,,,,,,,,,,,,,,,,,,,,,,,,,,,,,,,,,
Chinese Arts and Music Association,,,,,,,,,,,,,,,,,,,,,,,,,,,,,,,,,,,,,,
Hengda Dance Academy,(206) 287-9998,www.hengdadance.com,1100,International District,Y,Arts Ed,,,1995,R,1985,1993,3,0,,,,,,,,,,,,N,0,I don't know.,1,N,N,N,Y,5,Asian and Pacific Islander,2024,"815 S Weller St, Seattle, WA 98104","(47.5972693, -122.321963)"
Gansango Music & Dance,(206) 417-4679,www.gansango.com,286,Northgate,N,Performance,,,2009,O,2008,2000,1,0,,,,,,,,,,,,N,0,N,2,Y,N,N,Y,5,No single race is more than 50% of our audience. ,,"1243 NE 130th St, Seattle, WA 98125","(47.72280815, -122.3134892)"
BallardWorks LLC,(206) 784-9987 ,www.ballardworks.org,14000,Ballard,Other,Studios,,,2004,O,1961,2003,0,0,,,,,,,,,,,,Y,501,Partial,6,Y,Y,N,N,5,White,,"2856 NW Market St Seattle, WA 98107","(47.6688915, -122.3954081)"
Highland Park Improvement Club,(206) 762-9825,www.hpic1919.org,3000,Highland Park,Y,Multi-use,,,1919,O,1970,1919,0,1,100,,,,,,,,,,,N,0,Partial,15,Y,Y,Y,N,3,No single race is more than 50% of our audience. ,,"1116 SW Holden St, Seattle, WA 98106","(47.5342216, -122.3500717)"
Ballard Alki Lodge IOOF-Ballard-Alki Lodge #170,(206) 782-9646,www.seattleoddfellows.org,2251,Ballard,Y,Multi-use,,,1903,O,1903,1819,0,0,,,,,,,,,,,,Y,451,Partial,0,Y,Y,N,N,5,White,,"1706 NW Market St, Seattle, WA 98107","(47.6689407, -122.3793225)"
Cafe Racer Espresso,(206) 523-5282,www.caferacerseattle.com,2000,Rosetown,Other,Performance,Visual,Music,2004,R,1970,2004,20,1,20,,,,,,,,,,,Y,1200,Partial,2,Y,N,Y,N,3,White,,"5828 Roosevelt Way NE, Seattle, WA 98105","(47.67146895, -122.3171254)"
Egyptian Theater,,,,,,,,,,,,,,,,,,,,,,,,,,,,,,,,,,,,,"805 East Pine St Seattle, WA 98122","(47.6149531, -122.3217473)"
Cassandria Blackmore Studio,,,,,,,,,,,,,,,,,,,,,,,,,,,,,,,,,,,,,"1115 East Pike St Seattle, WA 98122","(47.6139358, -122.3174302)"
Arthur Murray Dance Studio,,,,,,,,,,,,,,,,,,,,,,,,,,,,,,,,,,,,,"130 Western Ave W Seattle, WA 98119","(47.6194127, -122.3583566)"
Meter Music School,,,,,,,,,,,,,,,,,,,,,,,,,,,,,,,,,,,,,"2110 E Union St Seattle, WA 98122 ","(47.61313785, -122.3044053)"
The Northwest School,,,,,,,,,,,,,,,,,,,,,,,,,,,,,,,,,,,,,"1415 Summit Ave, Seattle, WA 98122","(47.6133929, -122.3259406)"
Fucko Alley Gallery,,www.fuckoskateboards.com,400,Northgate,Y,Visual,,,2013,R,1900,2013,0,0,0,,,,,,,,,,,Y,400,N,0,N,N,N,N,4,No single race is more than 50% of our audience.,,"Alley of 10525 Ashworth Ave N Seattle, WA 98133","(47.7060528, -122.3397162)"
Highway 99 Blues Club,(206) 382-2171,www.highwayninetynine.com,6000,Downtown,N,Music,Performance,,2004,R,1909,2001,0,1,160,,,,,,,,,,,Y,350,Y,0,Y,Y,Y,N,4,No single race is more than 50% of our audience. ,2015,"1414 Alaskan Way, Seattle, WA 98101","(47.6017992, -122.3366083)"
Little Theatre-South Seattle Community College,,,,,,,,,,,,,,,,,,,,,,,,,,,,,,,,,,,,,"6000 16th Ave. SW, Seattle, WA 98106","(47.5510384, -122.3518643)"
Windows Art Gallery,,,,,,,,,,,,,,,,,,,,,,,,,,,,,,,,,,,,,"4131 Woodland Park Ave N, Seattle, WA 98103","(47.6575835, -122.344895)"
Ballard Rock Rooms,(206) 369-7588,,8800,Ballard,N,Music,,,2014,O,1940,2013,0,0,0,,,,,,,,,,,N,0,Y,0,N,Y,N,N,5,White,,"632 NW 46th St Seattle, WA 98107","(47.6624817, -122.3655177)"
Superior Audio Service,(206) 369-7588,https://www.facebook.com/SuperiorAudioService,18000,Ballard,N,Music,,,2008,R,1920,2006,1,0,0,,,,,,,,,,,N,0,N,0,N,N,N,N,5,White,2017,"645 NW 45th St Seattle, WA 98107","(47.6612543, -122.3656412)"
Phinney Neighborhood Association,(206) 783-2244,www.phinneycenter.org,40656,Phinney Ridge,Y,Multi-use,,,1981,O,1904,1980,0,1,150,,,,,,,,,,,Y,1250,Partial,140,Y,Y,N,N,5,Two or more races,,"6532 Phinney Ave N, Seattle, WA 98103","(47.677133, -122.3539896)"
Urban Artworks in Inscape,(206) 292-4142,www.urbanartworks.org,,International District,Y,Arts Ed,Visual,,2012,R,1932,1995,5,0,0,,,,,,,,,,,N,0,Y,0,N,Y,N,Y,4,,2017,"815 Seattle Blvd S, B7, Seattle, WA 98134","(47.59511695, -122.3270859)"
Ltd. Art Gallery,(206) 457-2970,www.ltdartgallery.com,1100,Capitol Hill,N,Visual,,,2011,R,2008,2011,0,0,0,,,,,,,,,,,Y,1000,Y,1,Y,Y,N,N,1,No single race is more than 50% of our audience,2014,"307 E Pike St, Seattle, WA 98122","(47.6138928, -122.3271174)"
Patricia Rovzar Gallery ,(206) 223-0273,www.rovzargallery.com,2470,Downtown,N,Visual,,,2006,R,1910,1992,1,0,0,,,,,,,,,,,Y,2470,,0,Y,N,N,N,5,White,2016,"1225 2nd Ave, Seattle, WA 98101","(47.6069251, -122.3372059)"
Versatile Arts,(866) 887-5256,www.versatilearts.net,3000,Greenwood,N,Studios,,,2008,R,,2007,1,0,0,,,,,,,,,,,N,0,Partial,0,Y,Y,N,N,4,White,2017,"7601 Greenwood Ave N, Suite 103, Seattle, WA 98103","(47.6841406, -122.3555094)"
Georgetown Arts and Cultural Center,(206) 851-1538,www.georgetownartcenter.org,2500,Georgetown,Y,Visual,Studios,,2012,R,1904,2007,1,0,0,,,,,,,,,,,Y,300,N,20,Y,Y,N,N,4,White,2017,"5809 Airport Way S, Seattle, WA 98108","(47.5504345, -122.3182596)"
